seed,rule,score
5,et_conditional,0.7367871675145343
5,et015_et20.025,0.7353949641671559
5,et015_et20.050,0.7354130217046363
5,et015_et20.075,0.73568982011029
5,et015_et20.100,0.7355859944067147
5,et015_et20.125,0.7353239398993772
5,et015_et20.150,0.7348032454659736
5,et015_et20.200,0.7346744458781324
5,et2_mix0.25_w0.15,0.7353961510826
5,et2_mix0.25_w0.20,0.7354130217046363
5,et2_mix0.25_w0.25,0.7355802649753732
5,et2_mix0.25_w0.30,0.7351940995611524
5,et2_mix0.50_w0.15,0.7353961510826
5,et2_mix0.50_w0.20,0.7355542646424894
5,et2_mix0.50_w0.25,0.7354549671530458
5,et2_mix0.50_w0.30,0.7348032454659736
5,et2_mix0.75_w0.15,0.7353961510826
5,et2_mix0.75_w0.20,0.7354232373888206
5,et2_mix0.75_w0.25,0.7354369096155655
5,et2_mix0.75_w0.30,0.7351951403115358
5,et015_et40.025,0.7355350201895648
5,et015_et40.050,0.7352819944509675
5,et015_et40.075,0.735297779099667
5,et015_et40.100,0.7355962100908989
5,et015_et40.125,0.7352009006640653
5,et015_et40.150,0.7346722182123049
5,et015_et40.200,0.7346812469810451
5,et4_mix0.25_w0.15,0.7353961510826
5,et4_mix0.25_w0.20,0.7352819944509675
5,et4_mix0.25_w0.25,0.7353239398993772
5,et4_mix0.25_w0.30,0.7350608446416563
5,et4_mix0.50_w0.15,0.7349928536374094
5,et4_mix0.50_w0.20,0.7350221676094576
5,et4_mix0.50_w0.25,0.7354527394872185
5,et4_mix0.50_w0.30,0.7346722182123049
5,et4_mix0.75_w0.15,0.7350018824061496
5,et4_mix0.75_w0.20,0.734892327271233
5,et4_mix0.75_w0.25,0.7350596577262122
5,et4_mix0.75_w0.30,0.7346710312968607
5,et015_rf10.025,0.7356672343586778
5,et015_rf10.050,0.7355632934112296
5,et015_rf10.075,0.7354226071215327
5,et015_rf10.100,0.7352786808118031
5,et015_rf10.125,0.7356008987718572
5,et015_rf10.150,0.7358900395854153
5,et015_rf10.200,0.7352442075891581
5,rf1_mix0.25_w0.15,0.7348630132991848
5,rf1_mix0.25_w0.20,0.7355632934112296
5,rf1_mix0.25_w0.25,0.7358208473639588
5,rf1_mix0.25_w0.30,0.735341071930347
5,rf1_mix0.50_w0.15,0.7347448851015769
5,rf1_mix0.50_w0.20,0.7354373233603254
5,rf1_mix0.50_w0.25,0.7355611666875094
5,rf1_mix0.50_w0.30,0.7358900395854153
5,rf1_mix0.75_w0.15,0.7351560244000636
5,rf1_mix0.75_w0.20,0.7355954369202148
5,rf1_mix0.75_w0.25,0.7365523454784784
5,rf1_mix0.75_w0.30,0.7361802660357624
5,et015_rf20.025,0.7354051798513402
5,et015_rf20.050,0.7356852918961582
5,et015_rf20.075,0.7353017955520483
5,et015_rf20.100,0.735870122903914
5,et015_rf20.125,0.7353331148331782
5,et015_rf20.150,0.7352224880266901
5,et015_rf20.200,0.7353738004836666
5,rf2_mix0.25_w0.15,0.7349940405528536
5,rf2_mix0.25_w0.20,0.7356852918961582
5,rf2_mix0.25_w0.25,0.735988251101522
5,rf2_mix0.25_w0.30,0.7354663697526744
5,rf2_mix0.50_w0.15,0.7346009587918473
5,rf2_mix0.50_w0.20,0.7355807206814221
5,rf2_mix0.50_w0.25,0.7356080683965764
5,rf2_mix0.50_w0.30,0.7352224880266901
5,rf2_mix0.75_w0.15,0.7350340259151348
5,rf2_mix0.75_w0.20,0.7355999651343467
5,rf2_mix0.75_w0.25,0.735512084546297
5,rf2_mix0.75_w0.30,0.7357865824036464
5,et015_rfsqrt0.025,0.7356672343586778
5,et015_rfsqrt0.050,0.7349838248686692
5,et015_rfsqrt0.075,0.7354051798513402
5,et015_rfsqrt0.100,0.7355751064939534
5,et015_rfsqrt0.125,0.7355781525534185
5,et015_rfsqrt0.150,0.7355781525534185
5,et015_rfsqrt0.200,0.7352259026079618
5,rfsqrt_mix0.25_w0.15,0.7353961510826
5,rfsqrt_mix0.25_w0.20,0.7349838248686692
5,rfsqrt_mix0.25_w0.25,0.7355610205224486
5,rfsqrt_mix0.25_w0.30,0.7354471252997499
5,rfsqrt_mix0.50_w0.15,0.7350030693215938
5,rfsqrt_mix0.50_w0.20,0.7351431253440027
5,rfsqrt_mix0.50_w0.25,0.7354440792402847
5,rfsqrt_mix0.50_w0.30,0.7355781525534185
5,rfsqrt_mix0.75_w0.15,0.7347342137113436
5,rfsqrt_mix0.75_w0.20,0.734872042067925
5,rfsqrt_mix0.75_w0.25,0.7354659057864303
5,rfsqrt_mix0.75_w0.30,0.7354880501337592
17,et_conditional,0.7106843503383731
17,et015_et20.025,0.7105284480599171
17,et015_et20.050,0.7103793127984789
17,et015_et20.075,0.7103793127984789
17,et015_et20.100,0.7106562296194738
17,et015_et20.125,0.710927960084113
17,et015_et20.150,0.7102658690531239
17,et015_et20.200,0.7105483549288302
17,et2_mix0.25_w0.15,0.7103780702375264
17,et2_mix0.25_w0.20,0.7103793127984789
17,et2_mix0.25_w0.25,0.7106562296194738
17,et2_mix0.25_w0.30,0.7102591532355308
17,et2_mix0.50_w0.15,0.7107868359148123
17,et2_mix0.50_w0.20,0.7106468355379117
17,et2_mix0.50_w0.25,0.710519841185213
17,et2_mix0.50_w0.30,0.7102658690531239
17,et2_mix0.75_w0.15,0.7102475827107404
17,et2_mix0.75_w0.20,0.7110592858135765
17,et2_mix0.75_w0.25,0.7106536025549294
17,et2_mix0.75_w0.30,0.7109320488371615
17,et015_et40.025,0.7105284480599171
17,et015_et40.050,0.7103793127984789
17,et015_et40.075,0.7106562296194738
17,et015_et40.100,0.7107941987143965
17,et015_et40.125,0.7105043833027388
17,et015_et40.150,0.7106381446724551
17,et015_et40.200,0.7110737309110897
17,et4_mix0.25_w0.15,0.7101105474980934
17,et4_mix0.25_w0.20,0.7103793127984789
17,et4_mix0.25_w0.25,0.7106562296194738
17,et4_mix0.25_w0.30,0.7105043833027387
17,et4_mix0.50_w0.15,0.7101138213410239
17,et4_mix0.50_w0.20,0.7103793127984789
17,et4_mix0.50_w0.25,0.7102368605633059
17,et4_mix0.50_w0.30,0.7106381446724551
17,et4_mix0.75_w0.15,0.7103904789649943
17,et4_mix0.75_w0.20,0.7102358819321565
17,et4_mix0.75_w0.25,0.7105043833027388
17,et4_mix0.75_w0.30,0.7107912450353835
17,et015_rf10.025,0.7105269910508136
17,et015_rf10.050,0.7105142442236362
17,et015_rf10.075,0.7102355553176879
17,et015_rf10.100,0.7106339369472489
17,et015_rf10.125,0.7103596471907982
17,et015_rf10.150,0.710497616285721
17,et015_rf10.200,0.71050995235745
17,rf1_mix0.25_w0.15,0.7098261938578353
17,rf1_mix0.25_w0.20,0.7105142442236362
17,rf1_mix0.25_w0.25,0.7102423223347056
17,rf1_mix0.25_w0.30,0.7101030991935895
17,rf1_mix0.50_w0.15,0.7100895088720619
17,rf1_mix0.50_w0.20,0.7105014923083912
17,rf1_mix0.50_w0.25,0.7103596471907982
17,rf1_mix0.50_w0.30,0.710497616285721
17,rf1_mix0.75_w0.15,0.7096856654711012
17,rf1_mix0.75_w0.20,0.7103677309386748
17,rf1_mix0.75_w0.25,0.7103681862927692
17,rf1_mix0.75_w0.30,0.7103723940179757
17,et015_rf20.025,0.7105284480599171
17,et015_rf20.050,0.710526867399255
17,et015_rf20.075,0.709968032578255
17,et015_rf20.100,0.7103596471907982
17,et015_rf20.125,0.710497616285721
17,et015_rf20.150,0.710497616285721
17,et015_rf20.200,0.7106463407917109
17,rf2_mix0.25_w0.15,0.7102401011426037
17,rf2_mix0.25_w0.20,0.710526867399255
17,rf2_mix0.25_w0.25,0.7099747995952727
17,rf2_mix0.25_w0.30,0.709969337823873
17,rf2_mix0.50_w0.15,0.7098208838499213
17,rf2_mix0.50_w0.20,0.7104978077100125
17,rf2_mix0.50_w0.25,0.7103596471907982
17,rf2_mix0.50_w0.30,0.710497616285721
17,rf2_mix0.75_w0.15,0.7096744993045858
17,rf2_mix0.75_w0.20,0.7102191188040642
17,rf2_mix0.75_w0.25,0.7103596471907982
17,rf2_mix0.75_w0.30,0.7099625708068554
17,et015_rfsqrt0.025,0.7099656199618617
17,et015_rfsqrt0.050,0.7107917630741435
17,et015_rfsqrt0.075,0.7107899909891903
17,et015_rfsqrt0.100,0.7102326528380996
17,et015_rfsqrt0.125,0.7102326528380996
17,et015_rfsqrt0.150,0.7099651300986668
17,et015_rfsqrt0.200,0.7099693378238731
17,rfsqrt_mix0.25_w0.15,0.7103780702375264
17,rfsqrt_mix0.25_w0.20,0.7107917630741435
17,rfsqrt_mix0.25_w0.25,0.7101085609649891
17,rfsqrt_mix0.25_w0.30,0.7098313687289503
17,rfsqrt_mix0.50_w0.15,0.7103780702375264
17,rfsqrt_mix0.50_w0.20,0.7095475049518871
17,rfsqrt_mix0.50_w0.25,0.7102326528380996
17,rfsqrt_mix0.50_w0.30,0.7099651300986668
17,rfsqrt_mix0.75_w0.15,0.7101105474980937
17,rfsqrt_mix0.75_w0.20,0.7090027899764154
17,rfsqrt_mix0.75_w0.25,0.7091284675982553
17,rfsqrt_mix0.75_w0.30,0.7099539639321512
