id,repeat,fold,true_sound_class,true_azimuth,pred_sound_class,pred_azimuth
train_000012,1,1,knock,5,knock,0
train_000014,1,1,engine,5,speech,5
train_000018,1,1,alarm,25,alarm,20
train_000020,1,1,alarm,-45,speech,-45
train_000024,1,1,typing,55,typing,65
train_000030,1,1,typing,20,typing,20
train_000036,1,1,knock,-55,knock,-55
train_000039,1,1,speech,20,speech,20
train_000047,1,1,running_water,30,running_water,35
train_000052,1,1,knock,-30,knock,-25
train_000053,1,1,engine,-30,engine,-25
train_000076,1,1,dog_bark,65,dog_bark,65
train_000077,1,1,alarm,30,alarm,30
train_000078,1,1,footsteps,-20,footsteps,-15
train_000086,1,1,running_water,10,running_water,5
train_000093,1,1,footsteps,-35,knock,-30
train_000095,1,1,running_water,40,running_water,40
train_000105,1,1,footsteps,-25,typing,-35
train_000109,1,1,footsteps,35,speech,35
train_000110,1,1,running_water,30,running_water,30
train_000113,1,1,knock,-30,knock,-30
train_000118,1,1,typing,-40,footsteps,-35
train_000121,1,1,engine,-80,engine,-80
train_000122,1,1,dog_bark,-20,dog_bark,-20
train_000128,1,1,speech,-40,dog_bark,-45
train_000138,1,1,speech,25,speech,30
train_000140,1,1,dog_bark,35,dog_bark,30
train_000142,1,1,running_water,-55,running_water,-55
train_000146,1,1,knock,-20,knock,-20
train_000149,1,1,alarm,0,alarm,0
train_000154,1,1,typing,15,typing,10
train_000156,1,1,engine,15,engine,10
train_000157,1,1,engine,-55,running_water,-55
train_000162,1,1,alarm,-35,speech,-40
train_000169,1,1,speech,10,speech,5
train_000173,1,1,speech,-35,speech,-40
train_000177,1,1,engine,-45,engine,-45
train_000179,1,1,speech,-5,knock,-5
train_000180,1,1,knock,-80,footsteps,20
train_000198,1,1,running_water,-25,running_water,-25
train_000201,1,1,typing,-80,typing,-80
train_000202,1,1,engine,55,speech,65
train_000208,1,1,speech,-45,alarm,-55
train_000216,1,1,dog_bark,25,dog_bark,25
train_000220,1,1,engine,20,engine,10
train_000230,1,1,typing,-80,typing,-80
train_000233,1,1,speech,5,speech,5
train_000237,1,1,speech,-65,speech,-80
train_000244,1,1,running_water,65,speech,65
train_000247,1,1,dog_bark,-45,speech,-55
train_000249,1,1,running_water,-20,running_water,-15
train_000263,1,1,knock,30,knock,35
train_000265,1,1,typing,10,typing,10
train_000269,1,1,knock,0,knock,0
train_000270,1,1,knock,20,knock,20
train_000272,1,1,speech,-55,speech,-55
train_000283,1,1,typing,40,typing,40
train_000295,1,1,running_water,45,alarm,35
train_000296,1,1,alarm,-20,alarm,-20
train_000298,1,1,alarm,35,alarm,35
train_000302,1,1,knock,-40,knock,-45
train_000304,1,1,knock,-65,knock,-65
train_000307,1,1,knock,20,knock,20
train_000313,1,1,alarm,-65,alarm,-55
train_000316,1,1,running_water,-5,running_water,-5
train_000317,1,1,speech,-40,speech,-40
train_000322,1,1,knock,-30,knock,-30
train_000337,1,1,footsteps,-80,knock,-80
train_000342,1,1,knock,0,knock,0
train_000345,1,1,alarm,-40,alarm,-40
train_000365,1,1,alarm,65,alarm,65
train_000368,1,1,footsteps,-45,footsteps,-45
train_000372,1,1,footsteps,-40,footsteps,-35
train_000373,1,1,dog_bark,-45,engine,-45
train_000375,1,1,knock,-25,knock,-30
train_000382,1,1,engine,-15,engine,-15
train_000394,1,1,alarm,65,running_water,65
train_000398,1,1,speech,-25,speech,-20
train_000402,1,1,typing,-80,typing,-65
train_000407,1,1,footsteps,-80,speech,-80
train_000415,1,1,alarm,80,alarm,55
train_000420,1,1,speech,40,footsteps,40
train_000421,1,1,dog_bark,-15,speech,-10
train_000423,1,1,alarm,-20,alarm,-20
train_000424,1,1,footsteps,40,footsteps,45
train_000432,1,1,dog_bark,40,dog_bark,35
train_000437,1,1,knock,80,footsteps,80
train_000438,1,1,typing,15,typing,20
train_000447,1,1,knock,-20,knock,-15
train_000448,1,1,knock,45,knock,55
train_000451,1,1,footsteps,-55,speech,-65
train_000473,1,1,alarm,30,alarm,-80
train_000474,1,1,typing,-5,speech,-10
train_000480,1,1,typing,65,typing,65
train_000481,1,1,typing,0,typing,0
train_000489,1,1,engine,-65,engine,-80
train_000490,1,1,alarm,-30,alarm,-20
train_000493,1,1,dog_bark,10,dog_bark,5
train_000496,1,1,engine,-10,footsteps,-5
train_000510,1,1,engine,-20,engine,-20
train_000512,1,1,alarm,-20,engine,-20
train_000514,1,1,speech,-80,speech,-45
train_000517,1,1,speech,-25,speech,-30
train_000525,1,1,typing,40,footsteps,40
train_000528,1,1,engine,-55,engine,-55
train_000534,1,1,running_water,-5,running_water,-15
train_000539,1,1,typing,-30,typing,-35
train_000544,1,1,running_water,-65,running_water,-65
train_000545,1,1,typing,-15,typing,-15
train_000558,1,1,running_water,-35,running_water,-30
train_000560,1,1,running_water,15,footsteps,15
train_000561,1,1,dog_bark,0,dog_bark,0
train_000568,1,1,running_water,-55,running_water,-55
train_000571,1,1,dog_bark,15,dog_bark,20
train_000574,1,1,running_water,80,running_water,80
train_000582,1,1,dog_bark,-15,dog_bark,-10
train_000589,1,1,engine,-15,running_water,-15
train_000594,1,1,footsteps,80,typing,80
train_000596,1,1,footsteps,25,knock,20
train_000601,1,1,knock,0,knock,-5
train_000607,1,1,typing,-25,typing,-25
train_000614,1,1,running_water,20,running_water,20
train_000617,1,1,speech,-30,dog_bark,-40
train_000619,1,1,typing,-45,typing,-45
train_000627,1,1,footsteps,-15,speech,-15
train_000628,1,1,typing,-80,typing,-80
train_000638,1,1,knock,35,knock,40
train_000639,1,1,speech,5,alarm,0
train_000644,1,1,alarm,40,alarm,65
train_000645,1,1,speech,55,speech,55
train_000651,1,1,dog_bark,5,dog_bark,5
train_000659,1,1,typing,-40,typing,-40
train_000660,1,1,alarm,10,alarm,5
train_000665,1,1,knock,-25,knock,-80
train_000669,1,1,running_water,-65,running_water,-65
train_000676,1,1,speech,-45,knock,-45
train_000679,1,1,typing,40,typing,35
train_000684,1,1,alarm,-25,speech,-30
train_000685,1,1,alarm,80,speech,80
train_000687,1,1,typing,20,running_water,20
train_000693,1,1,typing,-80,typing,-80
train_000700,1,1,alarm,10,alarm,10
train_000701,1,1,typing,0,typing,-5
train_000707,1,1,engine,10,running_water,5
train_000725,1,1,typing,35,typing,35
train_000727,1,1,alarm,10,engine,10
train_000728,1,1,engine,40,engine,40
train_000733,1,1,speech,40,speech,35
train_000738,1,1,speech,65,speech,65
train_000741,1,1,speech,-25,speech,-25
train_000745,1,1,dog_bark,-40,dog_bark,-40
train_000748,1,1,footsteps,80,running_water,80
train_000750,1,1,typing,-65,typing,-55
train_000764,1,1,dog_bark,-65,speech,-65
train_000771,1,1,speech,-20,alarm,-30
train_000776,1,1,speech,45,speech,45
train_000780,1,1,typing,65,typing,65
train_000782,1,1,engine,30,running_water,30
train_000783,1,1,alarm,-25,alarm,-25
train_000785,1,1,running_water,-5,running_water,-5
train_000789,1,1,running_water,15,running_water,10
train_000791,1,1,engine,-65,engine,-65
train_000793,1,1,engine,35,speech,40
train_000794,1,1,engine,65,alarm,65
train_000795,1,1,knock,-65,typing,-65
train_000799,1,1,dog_bark,-65,speech,-55
train_000802,1,1,dog_bark,40,dog_bark,35
train_000804,1,1,knock,10,knock,10
train_000808,1,1,engine,65,alarm,65
train_000811,1,1,engine,-40,knock,-45
train_000823,1,1,footsteps,80,typing,80
train_000827,1,1,running_water,-30,running_water,-30
train_000835,1,1,typing,-80,typing,-80
train_000838,1,1,speech,55,speech,65
train_000844,1,1,footsteps,0,typing,0
train_000846,1,1,footsteps,-55,speech,-55
train_000852,1,1,knock,5,footsteps,20
train_000859,1,1,engine,25,engine,25
train_000873,1,1,typing,-80,typing,-80
train_000877,1,1,knock,-45,knock,-45
train_000882,1,1,running_water,-55,running_water,-55
train_000889,1,1,typing,-65,speech,-55
train_000893,1,1,speech,45,alarm,45
train_000897,1,1,knock,-25,knock,-25
train_000900,1,1,running_water,-45,running_water,-45
train_000903,1,1,knock,-20,knock,-25
train_000907,1,1,running_water,0,dog_bark,-5
train_000928,1,1,engine,10,engine,10
train_000931,1,1,engine,15,knock,15
train_000935,1,1,speech,35,engine,30
train_000937,1,1,engine,55,speech,55
train_000940,1,1,knock,15,knock,15
train_000942,1,1,speech,0,speech,0
train_000944,1,1,running_water,65,running_water,55
train_000949,1,1,footsteps,0,footsteps,0
train_000952,1,1,running_water,-5,engine,-5
train_000955,1,1,speech,-80,dog_bark,-80
train_000959,1,1,alarm,-40,engine,-40
train_000965,1,1,footsteps,20,footsteps,20
train_000975,1,1,dog_bark,-20,dog_bark,-20
train_000997,1,1,dog_bark,-65,dog_bark,-65
train_001005,1,1,engine,-20,engine,-20
train_001007,1,1,engine,-80,engine,-80
train_001011,1,1,speech,-40,speech,-40
train_001016,1,1,engine,0,engine,5
train_001017,1,1,engine,-10,engine,-10
train_001024,1,1,alarm,-65,footsteps,-80
train_001027,1,1,running_water,-55,running_water,-55
train_001029,1,1,dog_bark,25,dog_bark,25
train_001031,1,1,running_water,0,running_water,0
train_001041,1,1,alarm,-10,alarm,-15
train_001043,1,1,footsteps,-45,typing,-45
train_001055,1,1,typing,80,footsteps,80
train_001065,1,1,speech,-5,dog_bark,-10
train_001072,1,1,running_water,-35,running_water,-35
train_001081,1,1,dog_bark,-25,dog_bark,-25
train_001083,1,1,typing,35,typing,40
train_001085,1,1,engine,-55,engine,-55
train_001093,1,1,knock,-15,knock,-15
train_001097,1,1,dog_bark,0,dog_bark,5
train_001100,1,1,footsteps,65,running_water,55
train_001102,1,1,running_water,-30,running_water,-35
train_001106,1,1,typing,20,typing,25
train_001117,1,1,knock,65,knock,65
train_001118,1,1,speech,5,speech,5
train_001121,1,1,dog_bark,25,dog_bark,20
train_001122,1,1,typing,-55,footsteps,-55
train_001123,1,1,typing,-20,footsteps,-25
train_001129,1,1,running_water,45,typing,45
train_001131,1,1,dog_bark,-25,dog_bark,-20
train_001143,1,1,dog_bark,10,dog_bark,15
train_001149,1,1,speech,55,dog_bark,65
train_001150,1,1,dog_bark,65,dog_bark,65
train_001151,1,1,speech,80,engine,80
train_001156,1,1,knock,-45,knock,-40
train_001162,1,1,typing,-10,typing,-10
train_001165,1,1,speech,-65,speech,-65
train_001167,1,1,dog_bark,-20,dog_bark,-25
train_001173,1,1,dog_bark,15,dog_bark,15
train_001175,1,1,engine,-20,engine,-20
train_001182,1,1,knock,-65,dog_bark,-65
train_001183,1,1,knock,-25,footsteps,-25
train_001191,1,1,dog_bark,40,dog_bark,40
train_001194,1,1,knock,15,knock,10
train_001199,1,1,knock,5,knock,0
train_001200,1,1,alarm,-5,engine,0
train_001209,1,1,engine,-80,engine,-80
train_001217,1,1,engine,65,engine,65
train_001227,1,1,alarm,25,alarm,30
train_001231,1,1,dog_bark,-80,dog_bark,-80
train_001232,1,1,alarm,-15,alarm,-10
train_001236,1,1,dog_bark,20,dog_bark,20
train_001237,1,1,typing,10,typing,10
train_001243,1,1,dog_bark,-20,speech,-25
train_001249,1,1,alarm,-45,alarm,-45
train_001250,1,1,alarm,0,engine,0
train_001251,1,1,engine,-5,engine,0
train_001272,1,1,running_water,-40,running_water,-35
train_001275,1,1,running_water,-35,engine,-35
train_001280,1,1,typing,15,typing,15
train_001290,1,1,engine,35,running_water,30
train_001291,1,1,footsteps,35,footsteps,35
train_001292,1,1,typing,30,typing,40
train_001293,1,1,dog_bark,-65,dog_bark,-80
train_001294,1,1,footsteps,-45,footsteps,-45
train_001300,1,1,alarm,-5,speech,-5
train_001302,1,1,typing,-10,alarm,-15
train_001304,1,1,running_water,-15,footsteps,-10
train_001320,1,1,running_water,-5,running_water,-10
train_001321,1,1,speech,65,speech,55
train_001325,1,1,footsteps,-15,knock,-15
train_001328,1,1,footsteps,-45,knock,-40
train_001330,1,1,running_water,25,running_water,25
train_001335,1,1,footsteps,-5,footsteps,-5
train_001345,1,1,footsteps,-40,knock,-40
train_001348,1,1,dog_bark,80,dog_bark,80
train_001349,1,1,running_water,-55,running_water,-55
train_001350,1,1,dog_bark,30,knock,30
train_001351,1,1,knock,-20,knock,-20
train_001353,1,1,knock,55,typing,55
train_001363,1,1,typing,-10,typing,-5
train_001367,1,1,speech,-65,speech,-65
train_001372,1,1,dog_bark,-40,speech,-40
train_001388,1,1,alarm,-20,alarm,-20
train_001389,1,1,knock,-5,knock,-5
train_001403,1,1,alarm,-55,alarm,5
train_001415,1,1,running_water,55,running_water,55
train_001416,1,1,typing,5,typing,10
train_001429,1,1,engine,40,running_water,40
train_001448,1,1,knock,-5,knock,-5
train_001450,1,1,speech,65,speech,55
train_001452,1,1,typing,25,footsteps,30
train_001459,1,1,footsteps,-10,speech,-10
train_001466,1,1,knock,10,knock,20
train_001467,1,1,running_water,10,running_water,10
train_001473,1,1,typing,-40,typing,-40
train_001478,1,1,knock,-45,knock,-45
train_001480,1,1,alarm,-40,engine,-40
train_001484,1,1,knock,80,knock,80
train_001487,1,1,knock,-65,knock,-65
train_001491,1,1,speech,40,speech,45
train_001493,1,1,knock,5,knock,10
train_001510,1,1,knock,10,knock,10
train_001511,1,1,engine,-15,engine,-10
train_001514,1,1,dog_bark,-25,alarm,-30
train_001525,1,1,knock,-15,knock,-10
train_001527,1,1,dog_bark,-25,dog_bark,-25
train_001530,1,1,running_water,-35,running_water,-35
train_001535,1,1,dog_bark,55,dog_bark,55
train_001536,1,1,speech,35,speech,65
train_001555,1,1,footsteps,-45,knock,-40
train_001559,1,1,alarm,-65,alarm,15
train_001564,1,1,alarm,55,speech,55
train_001576,1,1,speech,80,alarm,80
train_001579,1,1,engine,80,engine,80
train_001585,1,1,engine,-25,engine,-30
train_001588,1,1,footsteps,-5,footsteps,-5
train_001595,1,1,typing,-15,footsteps,-10
train_001610,1,1,alarm,65,alarm,65
train_001611,1,1,speech,80,speech,80
train_001612,1,1,speech,35,engine,45
train_001613,1,1,knock,5,knock,5
train_001615,1,1,running_water,-80,running_water,-65
train_001617,1,1,alarm,65,engine,65
train_001621,1,1,footsteps,-55,footsteps,-65
train_001622,1,1,dog_bark,-10,dog_bark,-15
train_001626,1,1,typing,-45,typing,-45
train_001627,1,1,dog_bark,80,dog_bark,80
train_001630,1,1,dog_bark,-55,dog_bark,-55
train_001639,1,1,dog_bark,-40,dog_bark,-40
train_001646,1,1,alarm,80,dog_bark,80
train_001649,1,1,typing,-65,typing,-65
train_001654,1,1,footsteps,35,footsteps,35
train_001657,1,1,knock,30,footsteps,30
train_001660,1,1,dog_bark,65,speech,80
train_001663,1,1,typing,-55,typing,-55
train_001669,1,1,alarm,-10,alarm,-5
train_001672,1,1,typing,55,engine,55
train_001677,1,1,engine,80,engine,80
train_001678,1,1,dog_bark,25,dog_bark,25
train_001690,1,1,knock,45,knock,45
train_001692,1,1,typing,30,typing,40
train_001697,1,1,typing,-40,engine,-45
train_001703,1,1,alarm,-65,alarm,-55
train_001704,1,1,footsteps,-45,typing,-80
train_001713,1,1,speech,-15,speech,-15
train_001719,1,1,speech,-55,speech,-55
train_001723,1,1,alarm,5,alarm,-5
train_001743,1,1,running_water,-15,running_water,-15
train_001756,1,1,typing,10,typing,5
train_001770,1,1,dog_bark,-5,dog_bark,0
train_001772,1,1,speech,-30,alarm,-55
train_001775,1,1,speech,-20,speech,-20
train_001781,1,1,footsteps,80,footsteps,80
train_001782,1,1,typing,-65,typing,-65
train_001796,1,1,knock,-25,running_water,-25
train_001800,1,1,alarm,-80,alarm,-80
train_001807,1,1,speech,-30,speech,-30
train_001811,1,1,speech,45,knock,45
train_001812,1,1,dog_bark,-30,dog_bark,-40
train_001818,1,1,footsteps,-20,knock,-20
train_001821,1,1,typing,-40,typing,-45
train_001827,1,1,knock,-80,knock,-65
train_001833,1,1,alarm,10,knock,15
train_001836,1,1,alarm,35,alarm,30
train_001837,1,1,dog_bark,-25,dog_bark,-25
train_001838,1,1,dog_bark,-15,dog_bark,-20
train_001840,1,1,running_water,0,running_water,0
train_001841,1,1,typing,-65,typing,-65
train_001842,1,1,alarm,-40,engine,-35
train_001844,1,1,typing,65,typing,65
train_001847,1,1,alarm,40,speech,45
train_001849,1,1,footsteps,0,running_water,-5
train_001850,1,1,running_water,-55,alarm,-55
train_001861,1,1,typing,45,typing,45
train_001872,1,1,speech,35,speech,30
train_001884,1,1,typing,15,typing,10
train_001885,1,1,footsteps,-45,running_water,-40
train_001889,1,1,typing,-15,typing,-25
train_001890,1,1,speech,15,speech,15
train_001896,1,1,dog_bark,-5,speech,-5
train_001904,1,1,dog_bark,0,dog_bark,0
train_001905,1,1,engine,-40,engine,-45
train_001910,1,1,engine,-15,running_water,-20
train_001927,1,1,typing,-30,typing,-30
train_001931,1,1,footsteps,55,running_water,55
train_001932,1,1,engine,65,engine,80
train_001935,1,1,footsteps,-10,dog_bark,-5
train_001939,1,1,dog_bark,-80,dog_bark,-80
train_001941,1,1,dog_bark,35,dog_bark,30
train_001944,1,1,knock,-65,typing,-80
train_001949,1,1,alarm,-55,alarm,-65
train_001957,1,1,footsteps,5,footsteps,5
train_001958,1,1,dog_bark,30,dog_bark,30
train_001960,1,1,knock,40,knock,40
train_001979,1,1,engine,80,engine,65
train_001983,1,1,dog_bark,-15,alarm,-20
train_001986,1,1,typing,20,typing,20
train_001990,1,1,running_water,10,running_water,10
train_001991,1,1,typing,5,typing,5
train_001995,1,1,alarm,-15,alarm,-15
train_001998,1,1,engine,-25,engine,-25
train_002001,1,1,running_water,55,running_water,55
train_002008,1,1,footsteps,15,footsteps,20
train_002013,1,1,alarm,55,alarm,55
train_002014,1,1,typing,65,typing,65
train_002024,1,1,dog_bark,10,dog_bark,5
train_002026,1,1,typing,-35,typing,-40
train_002030,1,1,dog_bark,80,dog_bark,80
train_002034,1,1,engine,80,engine,80
train_002035,1,1,alarm,25,alarm,20
train_002041,1,1,engine,-30,running_water,-35
train_002046,1,1,knock,-55,knock,-55
train_002051,1,1,knock,45,knock,45
train_002056,1,1,speech,10,speech,15
train_002058,1,1,running_water,65,running_water,65
train_002072,1,1,knock,-55,knock,-55
train_002084,1,1,speech,45,speech,40
train_002087,1,1,knock,65,engine,65
train_002089,1,1,speech,65,footsteps,65
train_002090,1,1,knock,55,typing,55
train_002091,1,1,typing,-55,typing,-55
train_002095,1,1,alarm,15,alarm,15
train_002102,1,1,speech,30,dog_bark,25
train_002104,1,1,alarm,30,engine,30
train_002117,1,1,engine,10,engine,15
train_002132,1,1,running_water,10,running_water,10
train_002135,1,1,engine,-10,running_water,-10
train_002139,1,1,dog_bark,40,dog_bark,45
train_002142,1,1,alarm,20,alarm,25
train_002147,1,1,knock,65,knock,55
train_002148,1,1,knock,15,knock,10
train_002153,1,1,alarm,-10,speech,-15
train_002172,1,1,dog_bark,40,dog_bark,35
train_002180,1,1,typing,-20,footsteps,-15
train_002183,1,1,running_water,-65,running_water,-65
train_002197,1,1,knock,80,knock,80
train_002202,1,1,knock,-40,knock,-35
train_002210,1,1,alarm,15,speech,10
train_002224,1,1,dog_bark,10,dog_bark,5
train_002226,1,1,footsteps,5,footsteps,5
train_002233,1,1,speech,-5,speech,-5
train_002236,1,1,running_water,65,running_water,55
train_002245,1,1,running_water,35,engine,35
train_002247,1,1,knock,45,knock,40
train_002254,1,1,footsteps,0,speech,20
train_002257,1,1,knock,25,knock,10
train_002274,1,1,typing,-5,typing,-10
train_002277,1,1,typing,20,typing,20
train_002292,1,1,engine,10,engine,5
train_002304,1,1,running_water,40,running_water,45
train_002311,1,1,typing,40,typing,40
train_002312,1,1,dog_bark,45,dog_bark,45
train_002321,1,1,engine,0,engine,-5
train_002323,1,1,running_water,5,engine,0
train_002339,1,1,typing,25,typing,25
train_002349,1,1,speech,-40,speech,-40
train_002361,1,1,footsteps,-80,knock,-80
train_002367,1,1,speech,-10,speech,-15
train_002371,1,1,knock,-10,knock,-5
train_002376,1,1,alarm,45,alarm,35
train_002380,1,1,knock,-15,knock,-15
train_002385,1,1,dog_bark,40,dog_bark,45
train_002387,1,1,knock,80,knock,80
train_002392,1,1,alarm,-55,alarm,-55
train_002396,1,1,running_water,-20,running_water,-25
train_002401,1,1,footsteps,-80,footsteps,-80
train_002405,1,1,speech,30,speech,30
train_002406,1,1,alarm,35,dog_bark,35
train_002410,1,1,typing,35,typing,35
train_002412,1,1,dog_bark,45,dog_bark,45
train_002413,1,1,speech,80,footsteps,65
train_002418,1,1,dog_bark,-20,alarm,-25
train_002419,1,1,speech,-40,speech,-40
train_002422,1,1,alarm,40,dog_bark,45
train_002436,1,1,alarm,65,speech,65
train_002437,1,1,speech,-15,dog_bark,-15
train_002439,1,1,knock,-45,knock,-40
train_002447,1,1,speech,-55,speech,-45
train_002450,1,1,alarm,45,alarm,-20
train_002451,1,1,knock,-45,knock,-55
train_002452,1,1,running_water,65,running_water,65
train_002458,1,1,running_water,-30,alarm,-30
train_002459,1,1,speech,15,engine,15
train_002472,1,1,dog_bark,80,dog_bark,80
train_002476,1,1,typing,-80,typing,-80
train_002478,1,1,engine,35,engine,35
train_002481,1,1,typing,-25,typing,-25
train_002485,1,1,footsteps,0,running_water,0
train_002487,1,1,running_water,-40,running_water,-40
train_002494,1,1,typing,0,typing,0
train_002496,1,1,knock,80,knock,80
train_002510,1,1,alarm,5,alarm,-5
train_002513,1,1,dog_bark,-40,dog_bark,-35
train_002523,1,1,knock,-40,knock,-45
train_002525,1,1,dog_bark,30,dog_bark,30
train_002531,1,1,knock,-10,knock,-5
train_002537,1,1,engine,-20,footsteps,-15
train_002539,1,1,engine,15,engine,15
train_002546,1,1,knock,-15,knock,-15
train_002551,1,1,typing,65,typing,65
train_002561,1,1,engine,-65,engine,-55
train_002572,1,1,running_water,-40,running_water,-40
train_002578,1,1,dog_bark,55,dog_bark,55
train_002583,1,1,dog_bark,25,dog_bark,25
train_002584,1,1,knock,-10,alarm,-10
train_002587,1,1,speech,80,speech,80
train_002588,1,1,knock,-35,knock,-5
train_002593,1,1,speech,65,speech,65
train_002600,1,1,running_water,-65,running_water,-65
train_002606,1,1,speech,-30,speech,-30
train_002612,1,1,typing,-10,typing,-15
train_002613,1,1,speech,-65,alarm,-65
train_002616,1,1,knock,-10,knock,-15
train_002619,1,1,knock,-65,knock,-80
train_002620,1,1,typing,-20,typing,-20
train_002626,1,1,engine,-30,engine,-30
train_002637,1,1,footsteps,35,footsteps,35
train_002647,1,1,speech,-45,alarm,-40
train_002648,1,1,speech,-10,dog_bark,-15
train_002649,1,1,engine,-55,engine,-20
train_002650,1,1,footsteps,-30,footsteps,-30
train_002651,1,1,knock,25,knock,25
train_002660,1,1,footsteps,25,footsteps,25
train_002664,1,1,engine,45,running_water,45
train_002667,1,1,typing,15,typing,15
train_002670,1,1,speech,-20,dog_bark,-20
train_002675,1,1,footsteps,5,footsteps,5
train_002680,1,1,speech,55,speech,55
train_002683,1,1,alarm,5,alarm,5
train_002685,1,1,knock,10,knock,10
train_002706,1,1,running_water,25,speech,25
train_002707,1,1,speech,45,speech,45
train_002710,1,1,alarm,-45,alarm,-45
train_002717,1,1,dog_bark,-55,dog_bark,-55
train_002718,1,1,engine,20,knock,20
train_002720,1,1,alarm,40,alarm,45
train_002752,1,1,alarm,-5,alarm,-5
train_002756,1,1,dog_bark,45,speech,45
train_002793,1,1,alarm,-80,alarm,-80
train_002796,1,1,alarm,0,alarm,0
train_002797,1,1,speech,-10,dog_bark,-15
train_002818,1,1,dog_bark,35,dog_bark,40
train_002819,1,1,speech,-35,speech,-30
train_002831,1,1,running_water,-55,running_water,-55
train_002836,1,1,dog_bark,-45,dog_bark,-45
train_002838,1,1,footsteps,40,footsteps,40
train_002845,1,1,engine,-65,engine,30
train_002849,1,1,dog_bark,-20,alarm,-20
train_002861,1,1,engine,-55,dog_bark,-65
train_002866,1,1,knock,35,running_water,35
train_002877,1,1,typing,40,typing,40
train_002878,1,1,speech,35,speech,35
train_002881,1,1,alarm,25,alarm,25
train_002884,1,1,alarm,25,alarm,15
train_002887,1,1,dog_bark,-25,engine,-25
train_002899,1,1,typing,10,typing,10
train_002904,1,1,engine,65,engine,65
train_002907,1,1,typing,30,typing,30
train_002909,1,1,alarm,20,alarm,40
train_002922,1,1,footsteps,-30,footsteps,-30
train_002923,1,1,dog_bark,-80,dog_bark,-80
train_002926,1,1,knock,-40,knock,-35
train_002927,1,1,alarm,30,alarm,30
train_002930,1,1,footsteps,-35,alarm,-40
train_002946,1,1,typing,30,typing,25
train_002952,1,1,typing,5,typing,5
train_002960,1,1,engine,-55,engine,-45
train_002971,1,1,alarm,-5,dog_bark,-10
train_002980,1,1,knock,-25,knock,-20
train_002986,1,1,typing,65,typing,65
train_002987,1,1,engine,-10,running_water,-10
train_002991,1,1,speech,-35,speech,-30
train_002992,1,1,footsteps,-65,typing,-65
train_002997,1,1,footsteps,80,footsteps,65
train_002998,1,1,engine,-45,engine,-45
train_002999,1,1,speech,15,speech,15
train_003008,1,1,speech,-45,knock,-45
train_003010,1,1,typing,-40,typing,-45
train_003013,1,1,running_water,45,running_water,45
train_003016,1,1,speech,20,speech,15
train_003021,1,1,typing,0,alarm,0
train_003022,1,1,engine,40,engine,40
train_003030,1,1,engine,65,engine,65
train_003036,1,1,running_water,5,running_water,5
train_003040,1,1,engine,-5,engine,-5
train_003042,1,1,typing,80,typing,65
train_003047,1,1,dog_bark,80,dog_bark,25
train_003054,1,1,alarm,0,engine,-5
train_003057,1,1,alarm,35,typing,30
train_003058,1,1,engine,5,engine,5
train_003062,1,1,engine,20,speech,20
train_003064,1,1,footsteps,-30,engine,-35
train_003065,1,1,typing,0,typing,-10
train_003070,1,1,footsteps,-20,footsteps,-20
train_003076,1,1,footsteps,-30,footsteps,-35
train_003077,1,1,knock,-55,knock,-55
train_003086,1,1,footsteps,-25,footsteps,-25
train_003088,1,1,typing,-25,footsteps,-25
train_003091,1,1,footsteps,80,engine,80
train_003095,1,1,speech,25,alarm,20
train_003096,1,1,footsteps,-20,footsteps,-25
train_003097,1,1,dog_bark,-5,dog_bark,0
train_003099,1,1,running_water,65,running_water,55
train_003106,1,1,dog_bark,-40,speech,-35
train_003108,1,1,typing,-20,typing,-20
train_003109,1,1,speech,5,speech,5
train_003113,1,1,speech,35,speech,40
train_003114,1,1,dog_bark,55,engine,55
train_003116,1,1,running_water,-30,running_water,-35
train_003121,1,1,running_water,-5,typing,-5
train_003125,1,1,typing,40,typing,40
train_003128,1,1,alarm,-30,engine,-30
train_003129,1,1,footsteps,30,running_water,35
train_003132,1,1,engine,-55,engine,-55
train_003134,1,1,running_water,-30,running_water,-30
train_003139,1,1,alarm,80,alarm,80
train_003140,1,1,engine,5,engine,5
train_003144,1,1,speech,10,speech,10
train_003148,1,1,running_water,-10,running_water,-10
train_003156,1,1,alarm,-30,alarm,-80
train_003159,1,1,engine,-5,running_water,-10
train_003175,1,1,dog_bark,10,dog_bark,5
train_003180,1,1,knock,0,knock,5
train_003181,1,1,footsteps,5,footsteps,0
train_003187,1,1,footsteps,-45,footsteps,-45
train_003191,1,1,speech,45,speech,40
train_003195,1,1,alarm,65,alarm,55
train_003205,1,1,alarm,25,alarm,30
train_003218,1,1,speech,-65,speech,-65
train_003219,1,1,running_water,-65,running_water,-80
train_003222,1,1,typing,-40,typing,-40
train_003223,1,1,speech,20,speech,20
train_003227,1,1,typing,-40,typing,-30
train_003232,1,1,running_water,-25,running_water,-30
train_003235,1,1,engine,-30,engine,-35
train_003239,1,1,alarm,-25,alarm,80
train_003248,1,1,dog_bark,65,dog_bark,65
train_003249,1,1,speech,-45,speech,-45
train_003253,1,1,knock,40,knock,45
train_003278,1,1,footsteps,-10,speech,-10
train_003290,1,1,alarm,25,footsteps,30
train_003296,1,1,footsteps,55,footsteps,55
train_003306,1,1,footsteps,-55,footsteps,-55
train_003328,1,1,engine,40,engine,40
train_003339,1,1,alarm,40,alarm,35
train_003362,1,1,knock,15,running_water,15
train_003364,1,1,speech,-10,speech,-10
train_003365,1,1,engine,-40,engine,-40
train_003366,1,1,typing,45,speech,40
train_003368,1,1,footsteps,40,engine,45
train_003369,1,1,engine,-30,engine,-30
train_003371,1,1,speech,-15,footsteps,-10
train_003376,1,1,speech,5,dog_bark,5
train_003379,1,1,footsteps,10,footsteps,10
train_003387,1,1,knock,10,knock,20
train_003389,1,1,footsteps,-80,footsteps,-80
train_003401,1,1,running_water,-20,running_water,-20
train_003403,1,1,speech,-65,speech,-80
train_003405,1,1,dog_bark,-35,dog_bark,-30
train_003409,1,1,typing,-10,typing,-5
train_003418,1,1,typing,35,typing,35
train_003419,1,1,alarm,30,speech,25
train_003427,1,1,typing,5,alarm,40
train_003429,1,1,dog_bark,5,dog_bark,5
train_003439,1,1,typing,40,typing,40
train_003444,1,1,typing,45,typing,45
train_003447,1,1,engine,-20,footsteps,-20
train_003451,1,1,running_water,-80,running_water,-80
train_003455,1,1,engine,25,engine,30
train_003456,1,1,running_water,-10,running_water,-10
train_003461,1,1,alarm,40,alarm,-30
train_003470,1,1,footsteps,30,footsteps,30
train_003471,1,1,dog_bark,20,typing,25
train_003475,1,1,engine,0,speech,0
train_003481,1,1,engine,5,engine,10
train_003482,1,1,typing,-15,typing,-15
train_003487,1,1,dog_bark,-30,dog_bark,-25
train_003488,1,1,footsteps,5,typing,5
train_003492,1,1,running_water,-5,running_water,-5
train_003497,1,1,footsteps,5,speech,5
train_003498,1,1,engine,-25,engine,-25
train_003499,1,1,speech,20,speech,15
train_003502,1,1,footsteps,45,footsteps,40
train_003505,1,1,knock,-35,knock,-30
train_003509,1,1,alarm,45,alarm,45
train_003520,1,1,speech,-55,engine,-55
train_003521,1,1,alarm,80,engine,80
train_003522,1,1,knock,-20,running_water,-20
train_003523,1,1,engine,-45,engine,-45
train_003525,1,1,dog_bark,-65,dog_bark,-65
train_003527,1,1,footsteps,15,footsteps,15
train_003533,1,1,alarm,-55,alarm,-65
train_003535,1,1,footsteps,10,footsteps,5
train_003538,1,1,typing,-35,speech,-40
train_003539,1,1,running_water,40,running_water,35
train_003541,1,1,engine,-35,engine,-35
train_003546,1,1,engine,45,engine,55
train_003551,1,1,speech,0,engine,0
train_003555,1,1,footsteps,-80,footsteps,-80
train_003556,1,1,typing,-15,typing,-15
train_003560,1,1,dog_bark,-15,dog_bark,-10
train_003563,1,1,dog_bark,40,dog_bark,45
train_003568,1,1,dog_bark,-45,dog_bark,-40
train_003569,1,1,typing,-40,typing,-40
train_003582,1,1,typing,-30,typing,-30
train_003585,1,1,footsteps,-20,running_water,-20
train_003596,1,1,dog_bark,45,dog_bark,45
train_003603,1,1,alarm,-30,typing,-35
train_003607,1,1,typing,0,typing,-5
train_003610,1,1,running_water,-80,running_water,-80
train_003612,1,1,knock,5,knock,5
train_003620,1,1,knock,-30,knock,-30
train_003622,1,1,speech,-40,alarm,-45
train_003623,1,1,footsteps,-10,footsteps,-15
train_003629,1,1,speech,-65,footsteps,-65
train_003631,1,1,knock,80,knock,80
train_003632,1,1,footsteps,-20,typing,-15
train_003648,1,1,alarm,80,speech,65
train_003653,1,1,engine,80,engine,80
train_003655,1,1,running_water,-25,footsteps,-20
train_003660,1,1,knock,30,knock,25
train_003663,1,1,footsteps,-65,typing,-65
train_003664,1,1,engine,-65,running_water,-65
train_003666,1,1,engine,55,engine,65
train_003672,1,1,footsteps,35,footsteps,30
train_003674,1,1,knock,-25,knock,-25
train_003678,1,1,knock,-45,knock,-45
train_003685,1,1,footsteps,15,footsteps,10
train_003696,1,1,running_water,-15,running_water,-10
train_003699,1,1,alarm,-40,alarm,-45
train_003702,1,1,typing,-35,typing,-30
train_003704,1,1,typing,40,alarm,45
train_003705,1,1,alarm,-15,alarm,-15
train_003712,1,1,running_water,35,engine,30
train_003727,1,1,speech,-80,speech,-80
train_003728,1,1,running_water,-5,running_water,-5
train_003735,1,1,knock,-5,knock,-5
train_003739,1,1,dog_bark,-45,dog_bark,-45
train_003740,1,1,engine,45,engine,40
train_003749,1,1,knock,-15,knock,10
train_003752,1,1,knock,20,knock,25
train_003757,1,1,dog_bark,-65,dog_bark,-65
train_003762,1,1,footsteps,0,footsteps,0
train_003765,1,1,knock,-40,engine,-45
train_003767,1,1,knock,55,knock,55
train_003772,1,1,engine,20,running_water,25
train_003777,1,1,running_water,-80,running_water,-80
train_003778,1,1,running_water,-15,running_water,-10
train_003779,1,1,engine,-15,engine,-15
train_003786,1,1,dog_bark,55,speech,55
train_003788,1,1,typing,-10,knock,-5
train_003790,1,1,footsteps,65,engine,65
train_003792,1,1,running_water,40,engine,45
train_003795,1,1,knock,-45,knock,-45
train_003796,1,1,alarm,-25,alarm,-35
train_003802,1,1,footsteps,0,typing,0
train_003806,1,1,typing,-80,footsteps,-80
train_003811,1,1,knock,-30,knock,-30
train_003816,1,1,engine,65,engine,65
train_003825,1,1,dog_bark,-25,dog_bark,-25
train_003826,1,1,alarm,55,alarm,40
train_003831,1,1,engine,-30,engine,-30
train_003832,1,1,dog_bark,20,dog_bark,20
train_003840,1,1,engine,15,running_water,10
train_003845,1,1,alarm,10,alarm,55
train_003849,1,1,dog_bark,-30,alarm,-30
train_003851,1,1,dog_bark,10,dog_bark,15
train_003864,1,1,engine,35,engine,35
train_003867,1,1,alarm,-40,alarm,5
train_003876,1,1,knock,65,typing,55
train_003877,1,1,dog_bark,35,dog_bark,30
train_003882,1,1,running_water,15,running_water,20
train_003883,1,1,alarm,80,alarm,15
train_003888,1,1,knock,-30,footsteps,-25
train_003891,1,1,dog_bark,-80,dog_bark,-80
train_003892,1,1,typing,-30,footsteps,-40
train_003898,1,1,footsteps,-40,footsteps,-40
train_003899,1,1,alarm,-5,knock,-5
train_003908,1,1,dog_bark,-45,knock,-40
train_003911,1,1,alarm,5,alarm,5
train_003912,1,1,engine,55,engine,55
train_003914,1,1,footsteps,25,footsteps,25
train_003915,1,1,dog_bark,-25,dog_bark,-25
train_003918,1,1,footsteps,-55,footsteps,-65
train_003919,1,1,alarm,-30,alarm,-30
train_003921,1,1,engine,35,engine,40
train_003924,1,1,footsteps,-45,typing,-45
train_003925,1,1,engine,55,alarm,55
train_003930,1,1,footsteps,-65,running_water,-65
train_003935,1,1,speech,30,dog_bark,30
train_003937,1,1,knock,0,engine,0
train_003938,1,1,engine,55,engine,55
train_003944,1,1,footsteps,-55,footsteps,-55
train_003951,1,1,engine,30,engine,35
train_003952,1,1,running_water,15,typing,5
train_003953,1,1,knock,-45,knock,-45
train_003955,1,1,typing,-25,typing,-25
train_003961,1,1,engine,55,speech,55
train_003967,1,1,dog_bark,-30,dog_bark,-35
train_003974,1,1,knock,-35,knock,-40
train_003976,1,1,dog_bark,-10,dog_bark,-25
train_003989,1,1,engine,15,engine,20
train_004001,1,1,typing,-65,typing,-65
train_004003,1,1,footsteps,-40,speech,-45
train_004010,1,1,alarm,20,alarm,25
train_004012,1,1,speech,-5,knock,-5
train_004018,1,1,speech,45,speech,55
train_004021,1,1,typing,55,typing,65
train_004022,1,1,dog_bark,-80,dog_bark,-65
train_004032,1,1,typing,35,typing,35
train_004036,1,1,dog_bark,0,dog_bark,0
train_004042,1,1,engine,40,running_water,40
train_004047,1,1,speech,35,speech,35
train_004049,1,1,speech,-55,speech,-55
train_004050,1,1,dog_bark,-40,dog_bark,-45
train_004056,1,1,typing,35,footsteps,35
train_004057,1,1,dog_bark,25,dog_bark,25
train_004058,1,1,dog_bark,15,dog_bark,20
train_004070,1,1,running_water,65,running_water,65
train_004071,1,1,speech,40,alarm,45
train_004097,1,1,typing,30,typing,25
train_004101,1,1,knock,-65,knock,-55
train_004115,1,1,alarm,-35,alarm,-80
train_004122,1,1,engine,20,engine,25
train_004136,1,1,footsteps,-5,footsteps,-5
train_004137,1,1,knock,-80,speech,-80
train_004140,1,1,alarm,30,alarm,30
train_004146,1,1,knock,-35,knock,-40
train_004148,1,1,running_water,10,running_water,10
train_004149,1,1,alarm,-30,alarm,-30
train_004151,1,1,alarm,55,speech,55
train_004155,1,1,alarm,15,alarm,25
train_004158,1,1,dog_bark,-30,running_water,-30
train_004163,1,1,knock,20,knock,20
train_004170,1,1,alarm,55,alarm,65
train_004173,1,1,footsteps,-25,speech,-25
train_004175,1,1,speech,-5,speech,-5
train_004180,1,1,engine,-5,running_water,-10
train_004183,1,1,knock,-80,knock,-80
train_004185,1,1,typing,25,typing,25
train_004189,1,1,engine,-55,engine,40
train_004192,1,1,engine,0,alarm,0
train_004197,1,1,alarm,-10,alarm,-5
train_004205,1,1,knock,40,footsteps,40
train_004209,1,1,typing,80,typing,80
train_004225,1,1,footsteps,-5,footsteps,-10
train_004227,1,1,typing,-55,alarm,-55
train_004231,1,1,knock,15,knock,20
train_004238,1,1,knock,-10,knock,-20
train_004239,1,1,running_water,-40,engine,-40
train_004240,1,1,engine,-35,engine,-35
train_004246,1,1,running_water,10,engine,10
train_004250,1,1,speech,80,speech,80
train_004253,1,1,typing,-25,typing,-20
train_004254,1,1,dog_bark,0,dog_bark,0
train_004255,1,1,knock,15,knock,15
train_004257,1,1,alarm,-65,alarm,-35
train_004258,1,1,alarm,-5,alarm,-5
train_004259,1,1,knock,15,knock,25
train_004260,1,1,running_water,65,typing,65
train_004261,1,1,alarm,-15,engine,-10
train_004262,1,1,engine,-40,running_water,-35
train_004264,1,1,speech,45,footsteps,45
train_004276,1,1,running_water,80,running_water,80
train_004279,1,1,engine,-80,footsteps,-80
train_004285,1,1,knock,-15,knock,-20
train_004293,1,1,alarm,45,alarm,45
train_004294,1,1,typing,30,footsteps,25
train_004299,1,1,speech,-20,alarm,-55
train_004302,1,1,speech,0,alarm,5
train_004316,1,1,dog_bark,-5,alarm,-5
train_004318,1,1,speech,25,speech,30
train_004321,1,1,alarm,-30,dog_bark,-25
train_004322,1,1,typing,-55,typing,-55
train_004325,1,1,footsteps,25,footsteps,25
train_004330,1,1,engine,5,engine,0
train_004331,1,1,knock,40,knock,25
train_004332,1,1,typing,-45,typing,-40
train_004337,1,1,typing,35,footsteps,45
train_004338,1,1,engine,-30,typing,-25
train_004353,1,1,engine,80,running_water,80
train_004364,1,1,typing,-25,typing,-25
train_004367,1,1,alarm,-55,alarm,-55
train_004368,1,1,alarm,80,alarm,80
train_004380,1,1,running_water,-20,running_water,-20
train_004386,1,1,speech,20,speech,15
train_004392,1,1,engine,20,engine,20
train_004395,1,1,alarm,40,alarm,40
train_004397,1,1,engine,5,speech,5
train_004399,1,1,dog_bark,-35,dog_bark,-35
train_004400,1,1,typing,-40,typing,-40
train_004416,1,1,running_water,20,running_water,20
train_004418,1,1,speech,55,speech,55
train_004420,1,1,footsteps,45,typing,40
train_004422,1,1,speech,15,speech,20
train_004428,1,1,typing,45,running_water,45
train_004430,1,1,knock,-35,knock,-35
train_004441,1,1,footsteps,-25,footsteps,-25
train_004442,1,1,speech,-5,speech,-5
train_004464,1,1,speech,-45,speech,-45
train_004477,1,1,knock,-25,knock,-25
train_004479,1,1,knock,-65,knock,-55
train_004481,1,1,alarm,-20,alarm,-40
train_004486,1,1,knock,-30,knock,-30
train_004487,1,1,dog_bark,-10,dog_bark,-15
train_004492,1,1,footsteps,25,running_water,15
train_004495,1,1,dog_bark,-5,dog_bark,-5
train_004497,1,1,engine,-30,engine,-30
train_004509,1,1,engine,5,engine,5
train_004521,1,1,alarm,-35,alarm,-30
train_004524,1,1,alarm,55,alarm,55
train_004542,1,1,engine,0,engine,0
train_004551,1,1,speech,-30,speech,-20
train_004558,1,1,footsteps,35,footsteps,35
train_004560,1,1,speech,-65,speech,-65
train_004562,1,1,knock,25,typing,25
train_004566,1,1,typing,-25,typing,-25
train_004571,1,1,engine,-45,engine,-45
train_004576,1,1,speech,-10,alarm,-10
train_004586,1,1,typing,-30,typing,-30
train_004588,1,1,engine,45,engine,45
train_004593,1,1,dog_bark,-20,dog_bark,-20
train_004595,1,1,alarm,45,alarm,35
train_004598,1,1,running_water,40,footsteps,40
train_004610,1,1,footsteps,5,typing,5
train_004618,1,1,dog_bark,-55,speech,-55
train_004622,1,1,alarm,30,typing,30
train_004628,1,1,engine,35,engine,30
train_004652,1,1,speech,-20,speech,-20
train_004653,1,1,running_water,-10,running_water,-15
train_004655,1,1,footsteps,65,engine,65
train_004659,1,1,engine,-80,engine,-80
train_004664,1,1,knock,30,typing,30
train_004669,1,1,footsteps,20,footsteps,15
train_004671,1,1,knock,0,knock,-5
train_004695,1,1,dog_bark,-10,dog_bark,-5
train_004699,1,1,knock,40,knock,45
train_004704,1,1,running_water,10,running_water,10
train_004708,1,1,knock,0,knock,0
train_004716,1,1,speech,45,engine,45
train_004718,1,1,speech,30,dog_bark,35
train_004739,1,1,knock,0,knock,0
train_004743,1,1,knock,45,knock,45
train_004746,1,1,engine,30,engine,30
train_004748,1,1,knock,20,knock,20
train_004752,1,1,speech,-40,speech,-35
train_004760,1,1,engine,5,engine,5
train_004763,1,1,typing,-65,typing,-55
train_004775,1,1,knock,-30,footsteps,-30
train_004778,1,1,engine,-25,running_water,-25
train_004783,1,1,speech,20,alarm,15
train_004794,1,1,speech,0,alarm,-5
train_004795,1,1,typing,-25,typing,-20
train_004802,1,1,running_water,-15,running_water,-15
train_004809,1,1,knock,-5,knock,-10
train_004813,1,1,alarm,-25,alarm,-25
train_004829,1,1,dog_bark,-35,dog_bark,-30
train_004831,1,1,running_water,-55,running_water,-55
train_004833,1,1,alarm,20,alarm,10
train_004835,1,1,dog_bark,30,engine,30
train_004853,1,1,knock,-5,knock,-5
train_004874,1,1,knock,-55,knock,-45
train_004875,1,1,speech,-5,engine,-5
train_004882,1,1,knock,80,knock,80
train_004883,1,1,knock,-15,typing,-10
train_004887,1,1,dog_bark,-20,engine,-15
train_004889,1,1,running_water,65,footsteps,55
train_004890,1,1,speech,15,speech,15
train_004891,1,1,engine,-20,engine,-20
train_004892,1,1,speech,15,speech,10
train_004894,1,1,dog_bark,55,dog_bark,55
train_004896,1,1,engine,-20,running_water,-20
train_004898,1,1,alarm,65,alarm,80
train_004903,1,1,alarm,0,alarm,0
train_004905,1,1,engine,-10,engine,-10
train_004909,1,1,running_water,40,running_water,40
train_004914,1,1,alarm,80,typing,80
train_004916,1,1,footsteps,55,knock,65
train_004920,1,1,alarm,55,speech,55
train_004921,1,1,running_water,25,running_water,20
train_004925,1,1,engine,45,engine,45
train_004927,1,1,engine,-10,engine,-10
train_004931,1,1,typing,-25,running_water,-30
train_004933,1,1,engine,-65,engine,-80
train_004941,1,1,typing,-10,knock,-5
train_004948,1,1,alarm,30,alarm,25
train_004949,1,1,alarm,-25,alarm,-25
train_004959,1,1,typing,5,typing,55
train_004961,1,1,footsteps,25,footsteps,25
train_004963,1,1,alarm,0,alarm,65
train_004965,1,1,knock,-80,knock,-80
train_004967,1,1,engine,-30,engine,-30
train_004979,1,1,running_water,65,running_water,65
train_004980,1,1,engine,-30,engine,-30
train_004981,1,1,alarm,-65,alarm,-65
train_004984,1,1,dog_bark,40,dog_bark,30
train_004985,1,1,typing,-35,typing,-40
train_004986,1,1,dog_bark,80,speech,80
train_004987,1,1,footsteps,65,running_water,65
train_004991,1,1,typing,-5,running_water,-5
train_005001,1,1,footsteps,-25,footsteps,-35
train_005002,1,1,knock,-40,knock,-45
train_005003,1,1,running_water,35,running_water,35
train_005010,1,1,engine,-10,engine,-15
train_005012,1,1,alarm,-10,alarm,-15
train_005017,1,1,running_water,45,running_water,45
train_005029,1,1,knock,-5,knock,-5
train_005035,1,1,typing,-25,typing,-25
train_005037,1,1,footsteps,-15,footsteps,-15
train_005041,1,1,footsteps,-35,running_water,-30
train_005043,1,1,footsteps,20,alarm,15
train_005044,1,1,running_water,35,running_water,35
train_005047,1,1,footsteps,-45,footsteps,-45
train_005052,1,1,running_water,-65,running_water,-55
train_005059,1,1,running_water,0,running_water,5
train_005061,1,1,knock,15,knock,20
train_005062,1,1,typing,-45,typing,80
train_005067,1,1,running_water,-45,footsteps,-80
train_005068,1,1,alarm,20,alarm,20
train_005070,1,1,running_water,20,running_water,20
train_005071,1,1,knock,-80,knock,-80
train_005073,1,1,alarm,35,speech,35
train_005075,1,1,dog_bark,25,alarm,30
train_005080,1,1,running_water,5,running_water,5
train_005081,1,1,speech,-45,footsteps,-45
train_005083,1,1,typing,65,typing,55
train_005084,1,1,speech,-20,speech,-25
train_005092,1,1,typing,-35,typing,-35
train_005099,1,1,alarm,-5,alarm,-5
train_005101,1,1,speech,-40,alarm,-45
train_005106,1,1,speech,0,engine,0
train_005110,1,1,knock,25,knock,30
train_005113,1,1,typing,-15,typing,-10
train_005114,1,1,speech,15,speech,5
train_005116,1,1,dog_bark,30,dog_bark,30
train_005119,1,1,running_water,-20,running_water,-20
train_005122,1,1,alarm,-35,footsteps,-30
train_005132,1,1,dog_bark,65,dog_bark,65
train_005134,1,1,speech,-35,dog_bark,-30
train_005138,1,1,running_water,45,engine,40
train_005141,1,1,footsteps,20,alarm,15
train_005147,1,1,engine,-40,running_water,-45
train_005148,1,1,knock,55,knock,45
train_005149,1,1,knock,0,knock,5
train_005152,1,1,footsteps,-65,footsteps,-65
train_005166,1,1,knock,-40,knock,-40
train_005178,1,1,dog_bark,65,dog_bark,65
train_005184,1,1,typing,55,typing,55
train_005193,1,1,knock,30,knock,30
train_005197,1,1,speech,40,alarm,45
train_005201,1,1,speech,40,speech,40
train_005202,1,1,engine,-25,engine,-30
train_005215,1,1,knock,-15,knock,-15
train_005230,1,1,typing,20,typing,25
train_005231,1,1,running_water,25,typing,25
train_005233,1,1,dog_bark,0,dog_bark,0
train_005248,1,1,dog_bark,-5,dog_bark,-5
train_005253,1,1,alarm,-45,alarm,-45
train_005255,1,1,alarm,-80,speech,-80
train_005263,1,1,alarm,10,alarm,45
train_005268,1,1,engine,25,engine,20
train_005271,1,1,engine,40,engine,45
train_005272,1,1,typing,-20,footsteps,-25
train_005276,1,1,dog_bark,45,speech,45
train_005291,1,1,alarm,35,speech,40
train_005301,1,1,knock,20,knock,20
train_005302,1,1,engine,0,engine,0
train_005303,1,1,alarm,-15,alarm,-20
train_005305,1,1,typing,-45,typing,-45
train_005307,1,1,alarm,40,dog_bark,40
train_005312,1,1,alarm,65,alarm,65
train_005314,1,1,knock,-5,knock,-10
train_005319,1,1,running_water,-45,engine,-45
train_005334,1,1,dog_bark,-55,dog_bark,-55
train_005335,1,1,typing,-65,typing,-55
train_005337,1,1,running_water,30,running_water,30
train_005342,1,1,footsteps,10,alarm,15
train_005344,1,1,speech,20,dog_bark,25
train_005345,1,1,footsteps,-35,typing,-35
train_005347,1,1,running_water,40,running_water,40
train_005349,1,1,knock,5,knock,10
train_005350,1,1,speech,-20,speech,-25
train_005352,1,1,knock,55,typing,55
train_005354,1,1,speech,5,speech,5
train_005359,1,1,footsteps,-80,engine,-80
train_005363,1,1,speech,-20,speech,-20
train_005372,1,1,dog_bark,-10,dog_bark,-10
train_005382,1,1,knock,-55,knock,-55
train_005384,1,1,engine,-40,engine,-40
train_005387,1,1,typing,-5,typing,-5
train_005396,1,1,knock,35,knock,35
train_005401,1,1,footsteps,-10,footsteps,-5
train_005413,1,1,running_water,25,running_water,25
train_005422,1,1,typing,30,typing,35
train_005427,1,1,footsteps,10,footsteps,5
train_005432,1,1,footsteps,40,engine,40
train_005449,1,1,typing,-55,footsteps,-55
train_005450,1,1,speech,0,alarm,0
train_005459,1,1,typing,-35,knock,-35
train_005461,1,1,dog_bark,25,dog_bark,25
train_005475,1,1,speech,55,speech,45
train_005478,1,1,knock,-40,knock,-40
train_005482,1,1,engine,65,running_water,65
train_005491,1,1,running_water,80,running_water,80
train_005494,1,1,dog_bark,15,dog_bark,20
train_005496,1,1,engine,-25,engine,-25
train_005502,1,1,running_water,-45,running_water,-45
train_005515,1,1,footsteps,-25,footsteps,-25
train_005526,1,1,dog_bark,30,dog_bark,30
train_005528,1,1,typing,25,typing,25
train_005529,1,1,running_water,-5,running_water,-10
train_005532,1,1,running_water,-55,alarm,-65
train_005540,1,1,speech,-80,speech,-80
train_005541,1,1,dog_bark,-35,dog_bark,-35
train_005542,1,1,knock,65,knock,65
train_005543,1,1,dog_bark,-65,dog_bark,-80
train_005547,1,1,knock,-55,knock,-55
train_005554,1,1,engine,-55,engine,-45
train_005556,1,1,dog_bark,-45,dog_bark,-45
train_005558,1,1,engine,20,engine,25
train_005571,1,1,alarm,-65,alarm,-65
train_005572,1,1,alarm,-15,alarm,80
train_005573,1,1,dog_bark,5,dog_bark,10
train_005575,1,1,dog_bark,-40,dog_bark,-40
train_005578,1,1,speech,-65,speech,-65
train_005582,1,1,knock,-10,knock,-10
train_005593,1,1,knock,-5,knock,-5
train_005595,1,1,typing,-5,footsteps,0
train_005601,1,1,speech,-30,dog_bark,-35
train_005603,1,1,footsteps,-25,footsteps,-25
train_005607,1,1,typing,-20,typing,-20
train_005615,1,1,footsteps,-55,speech,-55
train_005634,1,1,speech,-5,speech,-10
train_005636,1,1,speech,-80,speech,-80
train_005637,1,1,knock,0,footsteps,0
train_005638,1,1,engine,-45,running_water,-40
train_005650,1,1,speech,-15,dog_bark,-10
train_005651,1,1,knock,35,knock,35
train_005652,1,1,dog_bark,30,speech,30
train_005656,1,1,footsteps,-20,typing,-20
train_005658,1,1,running_water,-35,running_water,-35
train_005663,1,1,knock,-45,knock,-45
train_005665,1,1,engine,-35,engine,-35
train_005670,1,1,alarm,-15,speech,-20
train_005672,1,1,footsteps,55,speech,55
train_005674,1,1,running_water,15,typing,10
train_005675,1,1,speech,-5,speech,-5
train_005677,1,1,typing,-15,typing,-10
train_005689,1,1,footsteps,65,knock,65
train_005692,1,1,typing,20,typing,20
train_005696,1,1,typing,25,typing,25
train_005714,1,1,footsteps,-10,footsteps,-15
train_005715,1,1,running_water,-20,running_water,-20
train_005716,1,1,footsteps,-30,running_water,-25
train_005718,1,1,typing,0,typing,0
train_005720,1,1,running_water,40,running_water,40
train_005727,1,1,typing,-10,typing,-15
train_005730,1,1,engine,-15,engine,-20
train_005732,1,1,engine,-5,engine,0
train_005734,1,1,speech,-80,speech,-80
train_005735,1,1,typing,55,typing,55
train_005737,1,1,running_water,0,running_water,-5
train_005740,1,1,footsteps,-80,footsteps,-80
train_005743,1,1,knock,55,knock,40
train_005755,1,1,typing,80,typing,80
train_005757,1,1,alarm,-55,alarm,40
train_005774,1,1,engine,35,engine,40
train_005783,1,1,speech,5,alarm,-5
train_005784,1,1,knock,-10,knock,-15
train_005790,1,1,dog_bark,65,engine,65
train_005796,1,1,dog_bark,45,speech,35
train_005801,1,1,knock,15,knock,20
train_005802,1,1,knock,-15,knock,-10
train_005807,1,1,knock,25,knock,15
train_005815,1,1,dog_bark,40,dog_bark,40
train_005830,1,1,typing,-15,typing,-10
train_005835,1,1,running_water,55,running_water,55
train_005840,1,1,alarm,-10,alarm,-15
train_005843,1,1,alarm,30,engine,25
train_005852,1,1,running_water,20,footsteps,15
train_005855,1,1,running_water,55,footsteps,55
train_005857,1,1,knock,-25,knock,-20
train_005862,1,1,knock,-15,knock,-10
train_005867,1,1,footsteps,80,speech,80
train_005868,1,1,typing,-65,typing,-65
train_005875,1,1,dog_bark,25,dog_bark,25
train_005876,1,1,alarm,45,footsteps,45
train_005877,1,1,speech,15,running_water,15
train_005881,1,1,knock,65,typing,65
train_005886,1,1,alarm,35,alarm,40
train_005887,1,1,footsteps,80,engine,80
train_005891,1,1,footsteps,55,footsteps,45
train_005895,1,1,speech,-35,speech,-30
train_005903,1,1,typing,65,typing,65
train_005905,1,1,alarm,-65,alarm,-65
train_005914,1,1,typing,80,typing,80
train_005915,1,1,typing,-35,typing,-30
train_005919,1,1,speech,-10,dog_bark,-10
train_005920,1,1,engine,0,engine,0
train_005921,1,1,running_water,-80,running_water,-80
train_005935,1,1,alarm,5,alarm,10
train_005943,1,1,engine,-20,engine,-25
train_005944,1,1,alarm,40,alarm,30
train_005945,1,1,alarm,80,alarm,15
train_005949,1,1,speech,-30,speech,-40
train_005952,1,1,running_water,5,running_water,10
train_005964,1,1,typing,55,typing,55
train_005968,1,1,footsteps,-20,footsteps,-20
train_005969,1,1,running_water,-20,running_water,-20
train_005972,1,1,footsteps,-55,typing,-55
train_005974,1,1,alarm,-40,speech,-35
train_005985,1,1,footsteps,-10,knock,-10
train_005990,1,1,engine,-25,running_water,-25
train_005995,1,1,dog_bark,-65,dog_bark,-65
train_006007,1,1,running_water,-30,running_water,-30
train_006010,1,1,knock,-80,running_water,-15
train_006012,1,1,knock,10,knock,10
train_006013,1,1,running_water,-25,running_water,-25
train_006019,1,1,speech,-80,speech,-80
train_006026,1,1,footsteps,-65,footsteps,-55
train_006032,1,1,engine,-80,engine,-80
train_006034,1,1,speech,-35,speech,-35
train_006039,1,1,footsteps,55,knock,55
train_006046,1,1,footsteps,45,knock,45
train_006048,1,1,dog_bark,-35,alarm,-40
train_006056,1,1,alarm,40,alarm,80
train_006059,1,1,alarm,20,alarm,15
train_006065,1,1,speech,10,speech,10
train_006067,1,1,typing,5,typing,0
train_006072,1,1,engine,65,engine,80
train_006076,1,1,typing,5,typing,5
train_006081,1,1,running_water,-80,running_water,-80
train_006083,1,1,engine,-45,running_water,-45
train_006088,1,1,footsteps,40,running_water,45
train_006097,1,1,running_water,-30,running_water,-35
train_006098,1,1,knock,0,knock,0
train_006099,1,1,knock,35,knock,35
train_006103,1,1,dog_bark,0,dog_bark,0
train_006107,1,1,dog_bark,45,engine,45
train_006109,1,1,dog_bark,20,dog_bark,20
train_006119,1,1,running_water,-35,footsteps,-30
train_006122,1,1,engine,15,engine,15
train_006129,1,1,typing,80,typing,80
train_006130,1,1,footsteps,10,alarm,5
train_006135,1,1,engine,-35,engine,-35
train_006138,1,1,running_water,-40,typing,-45
train_006141,1,1,knock,30,knock,25
train_006142,1,1,dog_bark,30,footsteps,30
train_006144,1,1,alarm,-80,alarm,-80
train_006148,1,1,typing,35,typing,40
train_006151,1,1,running_water,-45,running_water,-45
train_006153,1,1,footsteps,25,footsteps,25
train_006155,1,1,alarm,-25,dog_bark,-30
train_006156,1,1,running_water,30,running_water,35
train_006163,1,1,knock,-40,knock,-55
train_006167,1,1,knock,45,knock,45
train_006170,1,1,knock,-35,knock,-30
train_006171,1,1,engine,25,engine,25
train_006183,1,1,running_water,-40,running_water,-45
train_006184,1,1,knock,-25,knock,-30
train_006185,1,1,footsteps,40,footsteps,35
train_006203,1,1,alarm,65,alarm,45
train_006209,1,1,footsteps,-15,footsteps,-20
train_006211,1,1,typing,-55,typing,-45
train_006220,1,1,engine,-25,engine,-25
train_006228,1,1,knock,-25,knock,-25
train_006236,1,1,speech,35,speech,40
train_006241,1,1,footsteps,15,footsteps,15
train_006242,1,1,engine,55,engine,55
train_006243,1,1,footsteps,20,typing,20
train_006250,1,1,alarm,-80,knock,-80
train_006262,1,1,engine,-15,footsteps,-20
train_006265,1,1,dog_bark,15,dog_bark,10
train_006278,1,1,dog_bark,55,dog_bark,55
train_006279,1,1,speech,25,footsteps,25
train_006285,1,1,footsteps,-35,typing,-30
train_006292,1,1,footsteps,15,speech,15
train_006295,1,1,dog_bark,-55,dog_bark,-55
train_006308,1,1,speech,5,alarm,0
train_006312,1,1,knock,-20,knock,-20
train_006316,1,1,dog_bark,-15,alarm,-10
train_006320,1,1,running_water,55,running_water,55
train_006333,1,1,typing,-65,typing,-65
train_006345,1,1,speech,65,speech,65
train_006350,1,1,engine,-5,engine,-5
train_006351,1,1,knock,35,knock,40
train_006352,1,1,engine,20,engine,20
train_006354,1,1,typing,5,typing,5
train_006360,1,1,typing,-10,typing,-5
train_006361,1,1,knock,-5,footsteps,-5
train_006368,1,1,alarm,-30,running_water,-30
train_006373,1,1,typing,55,typing,55
train_006386,1,1,alarm,-35,alarm,-40
train_006410,1,1,dog_bark,20,dog_bark,20
train_006417,1,1,alarm,-40,alarm,65
train_006420,1,1,dog_bark,0,knock,0
train_006427,1,1,speech,20,speech,15
train_006428,1,1,typing,-15,typing,-15
train_006434,1,1,alarm,-55,alarm,-55
train_006437,1,1,knock,-20,knock,-20
train_006439,1,1,running_water,-55,running_water,-55
train_006447,1,1,typing,55,typing,55
train_006452,1,1,running_water,-35,running_water,-35
train_006454,1,1,footsteps,80,knock,80
train_006455,1,1,speech,30,speech,25
train_006469,1,1,footsteps,5,engine,5
train_006473,1,1,knock,-10,typing,-15
train_006483,1,1,speech,80,alarm,80
train_006486,1,1,running_water,5,running_water,10
train_006489,1,1,knock,5,knock,5
train_006493,1,1,running_water,10,running_water,15
train_006494,1,1,speech,-40,speech,-40
train_006497,1,1,engine,45,engine,40
train_006499,1,1,alarm,15,alarm,25
train_006505,1,1,speech,80,speech,80
train_006510,1,1,dog_bark,-35,dog_bark,-45
train_006515,1,1,engine,15,engine,20
train_006516,1,1,dog_bark,5,dog_bark,5
train_006523,1,1,typing,-30,typing,-30
train_006525,1,1,footsteps,-20,engine,-20
train_006526,1,1,speech,40,speech,45
train_006530,1,1,footsteps,10,footsteps,10
train_006533,1,1,speech,-20,alarm,-55
train_006535,1,1,running_water,15,running_water,10
train_006537,1,1,typing,-65,typing,-65
train_006550,1,1,speech,25,speech,25
train_006555,1,1,alarm,-25,alarm,-25
train_006558,1,1,dog_bark,0,speech,0
train_006560,1,1,engine,-5,running_water,-5
train_006564,1,1,knock,10,footsteps,10
train_006565,1,1,knock,80,knock,80
train_006566,1,1,engine,10,engine,10
train_006580,1,1,speech,55,speech,55
train_006588,1,1,footsteps,-65,footsteps,-80
train_006590,1,1,alarm,-30,alarm,-65
train_006591,1,1,typing,-45,typing,-45
train_006601,1,1,footsteps,20,footsteps,25
train_006602,1,1,engine,-40,engine,-35
train_006607,1,1,speech,55,alarm,55
train_006613,1,1,footsteps,-40,speech,-25
train_006638,1,1,alarm,-40,alarm,-25
train_006640,1,1,speech,-25,speech,-25
train_006643,1,1,typing,80,typing,80
train_006647,1,1,typing,-45,typing,-45
train_006650,1,1,speech,5,speech,0
train_006664,1,1,footsteps,65,footsteps,55
train_006669,1,1,alarm,-25,alarm,-25
train_006679,1,1,dog_bark,20,speech,10
train_006681,1,1,typing,10,typing,10
train_006684,1,1,typing,-45,typing,-45
train_006686,1,1,alarm,15,alarm,25
train_006696,1,1,dog_bark,-55,dog_bark,-55
train_006703,1,1,running_water,-25,footsteps,-20
train_006704,1,1,alarm,-5,alarm,-5
train_006709,1,1,typing,-35,typing,-45
train_006711,1,1,footsteps,-30,footsteps,-35
train_006715,1,1,engine,-80,engine,-80
train_006722,1,1,dog_bark,40,dog_bark,45
train_006725,1,1,engine,55,engine,55
train_006728,1,1,running_water,-55,running_water,-65
train_006730,1,1,running_water,-25,running_water,-25
train_006731,1,1,running_water,25,running_water,25
train_006738,1,1,typing,15,alarm,15
train_006740,1,1,dog_bark,5,dog_bark,-5
train_006743,1,1,dog_bark,-45,dog_bark,-45
train_006744,1,1,engine,-35,engine,-20
train_006747,1,1,speech,30,speech,30
train_006754,1,1,engine,-25,engine,-25
train_006759,1,1,engine,35,engine,40
train_006761,1,1,alarm,0,alarm,25
train_006771,1,1,running_water,20,running_water,15
train_006780,1,1,engine,-65,engine,-65
train_006781,1,1,typing,-30,engine,-25
train_006786,1,1,knock,25,knock,25
train_006790,1,1,dog_bark,-45,dog_bark,-45
train_006796,1,1,alarm,15,engine,15
train_006800,1,1,alarm,-65,engine,10
train_006801,1,1,footsteps,-65,footsteps,-65
train_006803,1,1,dog_bark,5,dog_bark,5
train_006813,1,1,speech,15,knock,10
train_006821,1,1,footsteps,15,running_water,15
train_006824,1,1,speech,25,speech,25
train_006834,1,1,footsteps,15,speech,10
train_006835,1,1,typing,-5,typing,-5
train_006836,1,1,knock,-65,footsteps,-80
train_006839,1,1,knock,65,knock,65
train_006845,1,1,knock,25,knock,25
train_006850,1,1,dog_bark,10,speech,10
train_006857,1,1,alarm,-45,running_water,-40
train_006858,1,1,typing,-35,footsteps,-40
train_006859,1,1,speech,-15,alarm,-5
train_006876,1,1,engine,-10,engine,-15
train_006878,1,1,speech,40,speech,45
train_006880,1,1,knock,-80,running_water,-80
train_006883,1,1,knock,25,typing,20
train_006884,1,1,footsteps,-35,engine,-35
train_006890,1,1,engine,80,engine,-25
train_006892,1,1,engine,0,footsteps,0
train_006901,1,1,running_water,-35,running_water,-35
train_006906,1,1,alarm,-35,alarm,-15
train_006907,1,1,knock,45,knock,45
train_006909,1,1,typing,-80,typing,-65
train_006912,1,1,engine,-25,running_water,-25
train_006914,1,1,typing,15,typing,20
train_006916,1,1,running_water,-40,running_water,-45
train_006930,1,1,running_water,-10,running_water,-10
train_006935,1,1,engine,65,running_water,65
train_006938,1,1,knock,-20,knock,-15
train_006939,1,1,dog_bark,-25,dog_bark,-20
train_006943,1,1,engine,-35,engine,-40
train_006944,1,1,alarm,10,alarm,10
train_006951,1,1,dog_bark,0,dog_bark,0
train_006952,1,1,speech,10,knock,10
train_006957,1,1,alarm,20,alarm,20
train_006967,1,1,footsteps,65,running_water,80
train_006968,1,1,typing,15,typing,10
train_006984,1,1,typing,10,typing,10
train_006987,1,1,running_water,-40,running_water,-45
train_006989,1,1,engine,45,engine,40
train_006991,1,1,alarm,-30,alarm,-25
train_006992,1,1,alarm,-45,alarm,-45
train_007000,1,1,footsteps,65,speech,65
train_007002,1,1,knock,25,knock,25
train_007005,1,1,dog_bark,-10,dog_bark,-10
train_007010,1,1,engine,30,engine,30
train_007013,1,1,footsteps,55,speech,55
train_007026,1,1,engine,20,engine,20
train_007031,1,1,running_water,5,running_water,0
train_007033,1,1,speech,-35,alarm,-30
train_007036,1,1,speech,0,speech,0
train_007059,1,1,speech,35,dog_bark,35
train_007062,1,1,dog_bark,-20,typing,-20
train_007070,1,1,footsteps,45,footsteps,45
train_007072,1,1,engine,30,engine,30
train_007073,1,1,knock,55,knock,55
train_007075,1,1,knock,40,knock,40
train_007076,1,1,alarm,20,alarm,40
train_007081,1,1,footsteps,-65,footsteps,-65
train_007084,1,1,typing,-45,typing,-45
train_007088,1,1,knock,65,knock,65
train_007092,1,1,engine,80,engine,80
train_007100,1,1,running_water,10,running_water,10
train_007107,1,1,running_water,35,running_water,35
train_007111,1,1,knock,25,knock,25
train_007114,1,1,engine,-45,engine,-45
train_007120,1,1,alarm,-10,engine,-10
train_007129,1,1,footsteps,0,speech,0
train_007131,1,1,engine,-5,engine,-10
train_007134,1,1,engine,25,engine,20
train_007139,1,1,footsteps,45,knock,45
train_007146,1,1,knock,40,typing,45
train_007154,1,1,dog_bark,-5,speech,25
train_007156,1,1,alarm,40,alarm,40
train_007161,1,1,engine,-20,engine,-20
train_007167,1,1,knock,-15,knock,-20
train_007182,1,1,dog_bark,-15,dog_bark,-15
train_007190,1,1,engine,-65,engine,-65
train_007193,1,1,engine,30,engine,35
train_007195,1,1,footsteps,-40,alarm,-40
train_007197,1,1,typing,-30,typing,-30
train_007203,1,1,engine,25,engine,25
train_007207,1,1,knock,40,knock,45
train_007215,1,1,dog_bark,25,dog_bark,25
train_007223,1,1,speech,-35,alarm,-30
train_007237,1,1,typing,30,typing,25
train_007245,1,1,typing,-20,typing,-20
train_007247,1,1,running_water,-65,running_water,-65
train_007248,1,1,footsteps,10,footsteps,10
train_007260,1,1,typing,25,typing,25
train_007267,1,1,alarm,25,alarm,25
train_007282,1,1,dog_bark,20,dog_bark,20
train_007284,1,1,running_water,-45,running_water,-45
train_007291,1,1,speech,40,speech,45
train_007293,1,1,typing,20,footsteps,10
train_007295,1,1,typing,-45,typing,-45
train_007296,1,1,alarm,15,knock,10
train_007300,1,1,dog_bark,65,speech,55
train_007306,1,1,dog_bark,65,dog_bark,65
train_007313,1,1,knock,45,knock,45
train_007327,1,1,footsteps,-15,knock,-20
train_007330,1,1,engine,-80,engine,-80
train_007331,1,1,engine,-20,running_water,-25
train_007340,1,1,typing,80,typing,80
train_007342,1,1,engine,40,alarm,40
train_007346,1,1,alarm,15,alarm,80
train_007350,1,1,running_water,0,running_water,0
train_007360,1,1,knock,55,knock,55
train_007375,1,1,speech,-10,footsteps,-5
train_007392,1,1,speech,-45,speech,-45
train_007396,1,1,knock,10,knock,10
train_007398,1,1,running_water,5,running_water,0
train_007402,1,1,running_water,0,running_water,-5
train_007403,1,1,dog_bark,15,alarm,15
train_007417,1,1,engine,-45,engine,-45
train_007427,1,1,engine,80,engine,80
train_007432,1,1,dog_bark,-20,dog_bark,-20
train_007434,1,1,knock,-40,knock,-40
train_007438,1,1,footsteps,30,running_water,35
train_007439,1,1,engine,-80,speech,-80
train_007449,1,1,engine,-45,alarm,-55
train_007452,1,1,knock,-40,footsteps,-40
train_007455,1,1,running_water,40,running_water,40
train_007456,1,1,alarm,45,speech,45
train_007457,1,1,typing,25,typing,25
train_007458,1,1,typing,0,typing,0
train_007460,1,1,running_water,30,running_water,30
train_007461,1,1,speech,-5,speech,-5
train_007463,1,1,engine,-10,engine,-10
train_007465,1,1,typing,20,typing,15
train_007466,1,1,running_water,-65,footsteps,-80
train_007471,1,1,dog_bark,-40,dog_bark,-45
train_007490,1,1,typing,-35,speech,-35
train_007491,1,1,typing,-20,typing,-20
train_007499,1,1,alarm,-55,dog_bark,-55
train_007501,1,1,engine,30,running_water,35
train_007526,1,1,alarm,-45,running_water,-55
train_007527,1,1,alarm,-80,alarm,-80
train_007532,1,1,knock,0,knock,0
train_007536,1,1,running_water,15,knock,20
train_007546,1,1,knock,-35,knock,-40
train_007559,1,1,alarm,30,alarm,30
train_007564,1,1,speech,30,alarm,25
train_007567,1,1,speech,45,alarm,45
train_007568,1,1,speech,35,speech,30
train_007574,1,1,engine,-65,engine,-65
train_007578,1,1,running_water,-65,running_water,-55
train_007579,1,1,running_water,-25,alarm,-25
train_007580,1,1,typing,80,typing,80
train_007595,1,1,footsteps,-20,footsteps,-15
train_007602,1,1,footsteps,80,footsteps,80
train_007607,1,1,footsteps,35,running_water,35
train_007609,1,1,dog_bark,-30,dog_bark,-30
train_007613,1,1,footsteps,5,footsteps,5
train_007615,1,1,dog_bark,80,dog_bark,65
train_007619,1,1,running_water,80,footsteps,80
train_007620,1,1,knock,-45,knock,-30
train_007621,1,1,engine,15,engine,15
train_007627,1,1,engine,55,running_water,55
train_007631,1,1,dog_bark,-10,dog_bark,-5
train_007634,1,1,dog_bark,15,engine,15
train_007643,1,1,alarm,-80,typing,-80
train_007644,1,1,engine,-40,engine,-40
train_007652,1,1,running_water,35,running_water,30
train_007653,1,1,knock,40,knock,20
train_007657,1,1,typing,-20,typing,-15
train_007659,1,1,knock,-5,knock,-15
train_007666,1,1,running_water,45,running_water,40
train_007667,1,1,engine,-30,running_water,-30
train_007670,1,1,running_water,25,running_water,25
train_007672,1,1,footsteps,-15,engine,-10
train_007675,1,1,dog_bark,45,dog_bark,45
train_007677,1,1,running_water,80,running_water,80
train_007692,1,1,footsteps,-40,engine,-40
train_007697,1,1,knock,-35,footsteps,-35
train_007705,1,1,speech,-25,speech,-35
train_007708,1,1,running_water,-30,running_water,-30
train_007719,1,1,dog_bark,-15,dog_bark,-10
train_007724,1,1,engine,-25,engine,-25
train_007737,1,1,speech,35,alarm,35
train_007745,1,1,running_water,-45,running_water,-45
train_007748,1,1,dog_bark,35,speech,30
train_007756,1,1,typing,45,typing,25
train_007764,1,1,dog_bark,45,dog_bark,55
train_007772,1,1,alarm,-20,typing,-20
train_007791,1,1,running_water,15,typing,10
train_007798,1,1,engine,20,engine,20
train_007799,1,1,alarm,15,speech,10
train_007804,1,1,typing,-55,typing,-45
train_007807,1,1,dog_bark,15,dog_bark,15
train_007812,1,1,knock,80,knock,80
train_007823,1,1,speech,25,speech,25
train_007825,1,1,engine,-35,engine,-30
train_007828,1,1,typing,45,typing,45
train_007833,1,1,engine,-15,engine,-10
train_007845,1,1,dog_bark,55,dog_bark,55
train_007848,1,1,typing,35,typing,25
train_007852,1,1,typing,-55,typing,-55
train_007854,1,1,dog_bark,65,dog_bark,65
train_007863,1,1,dog_bark,-55,dog_bark,-55
train_007868,1,1,knock,-55,knock,-55
train_007870,1,1,knock,15,knock,15
train_007882,1,1,alarm,10,engine,5
train_007886,1,1,running_water,55,running_water,55
train_007887,1,1,knock,20,knock,25
train_007898,1,1,speech,40,engine,40
train_007915,1,1,footsteps,20,footsteps,15
train_007917,1,1,alarm,0,alarm,0
train_007921,1,1,typing,15,typing,15
train_007925,1,1,footsteps,45,running_water,40
train_007931,1,1,engine,-45,running_water,-45
train_007933,1,1,speech,20,engine,20
train_007934,1,1,dog_bark,30,dog_bark,25
train_007940,1,1,knock,-55,typing,-55
train_007943,1,1,running_water,-45,running_water,-55
train_007945,1,1,dog_bark,35,running_water,40
train_007946,1,1,footsteps,40,footsteps,35
train_007949,1,1,dog_bark,20,dog_bark,20
train_007957,1,1,running_water,65,running_water,65
train_007966,1,1,engine,30,engine,30
train_007968,1,1,engine,-15,engine,-15
train_007969,1,1,speech,65,speech,65
train_007974,1,1,engine,0,engine,0
train_007976,1,1,running_water,45,running_water,35
train_007986,1,1,running_water,-5,typing,-10
train_007987,1,1,speech,0,speech,0
train_007988,1,1,speech,-10,alarm,-5
train_007995,1,1,running_water,20,running_water,15
train_007997,1,1,footsteps,-5,footsteps,-5
train_008014,1,1,knock,40,knock,40
train_008019,1,1,footsteps,30,footsteps,30
train_008020,1,1,running_water,35,running_water,30
train_008025,1,1,knock,40,knock,35
train_008028,1,1,typing,40,typing,45
train_008034,1,1,dog_bark,5,dog_bark,25
train_008035,1,1,speech,-15,dog_bark,-15
train_008048,1,1,knock,65,knock,65
train_008052,1,1,knock,55,footsteps,45
train_008056,1,1,knock,5,knock,10
train_008066,1,1,footsteps,-5,engine,-5
train_008071,1,1,knock,45,knock,40
train_008081,1,1,knock,-30,footsteps,-25
train_008083,1,1,footsteps,65,knock,65
train_008088,1,1,dog_bark,-45,dog_bark,-45
train_008090,1,1,running_water,-80,running_water,-80
train_008095,1,1,footsteps,40,footsteps,40
train_008096,1,1,alarm,-45,alarm,-65
train_008102,1,1,footsteps,45,knock,45
train_008103,1,1,knock,40,knock,45
train_008105,1,1,speech,-30,alarm,-30
train_008114,1,1,speech,10,speech,15
train_008121,1,1,alarm,80,speech,80
train_008123,1,1,typing,-40,typing,-40
train_008125,1,1,typing,30,typing,-15
train_008126,1,1,alarm,25,alarm,-20
train_008133,1,1,speech,10,speech,5
train_008139,1,1,dog_bark,80,dog_bark,65
train_008142,1,1,running_water,-10,running_water,-15
train_008153,1,1,speech,5,dog_bark,10
train_008155,1,1,running_water,35,running_water,30
train_008156,1,1,typing,-30,typing,-25
train_008159,1,1,running_water,25,running_water,20
train_008161,1,1,alarm,-20,running_water,-25
train_008166,1,1,running_water,40,running_water,40
train_008173,1,1,running_water,15,running_water,15
train_008174,1,1,speech,-65,alarm,-80
train_008181,1,1,typing,5,typing,5
train_008183,1,1,knock,30,knock,25
train_008184,1,1,footsteps,-40,footsteps,-35
train_008187,1,1,speech,-55,speech,-55
train_008192,1,1,typing,30,typing,35
train_008202,1,1,footsteps,-80,typing,-80
train_008204,1,1,speech,20,dog_bark,15
train_008207,1,1,footsteps,35,footsteps,40
train_008226,1,1,dog_bark,-40,alarm,-35
train_008227,1,1,running_water,-5,running_water,0
train_008228,1,1,engine,80,engine,80
train_008233,1,1,footsteps,0,typing,0
train_008237,1,1,typing,0,typing,0
train_008240,1,1,dog_bark,45,dog_bark,45
train_008254,1,1,engine,-15,engine,-5
train_008255,1,1,running_water,55,speech,55
train_008262,1,1,running_water,30,alarm,35
train_008263,1,1,dog_bark,45,dog_bark,55
train_008266,1,1,alarm,35,alarm,40
train_008268,1,1,typing,25,footsteps,20
train_008272,1,1,running_water,0,running_water,5
train_008276,1,1,running_water,-10,knock,-5
train_008280,1,1,dog_bark,-55,dog_bark,-55
train_008282,1,1,alarm,-15,alarm,-15
train_008284,1,1,speech,-25,speech,-20
train_008286,1,1,alarm,30,alarm,30
train_008294,1,1,footsteps,10,knock,15
train_008296,1,1,alarm,55,alarm,45
train_008298,1,1,speech,0,speech,0
train_008301,1,1,alarm,-80,alarm,45
train_008308,1,1,alarm,-80,alarm,-80
train_008312,1,1,footsteps,20,dog_bark,15
train_008316,1,1,alarm,-65,speech,-55
train_008329,1,1,engine,40,running_water,45
train_008331,1,1,engine,5,alarm,5
train_008340,1,1,alarm,-20,alarm,-20
train_008341,1,1,dog_bark,-15,engine,-15
train_008343,1,1,knock,20,knock,15
train_008344,1,1,running_water,25,running_water,15
train_008353,1,1,dog_bark,-15,dog_bark,-15
train_008355,1,1,running_water,65,running_water,65
train_008364,1,1,footsteps,45,speech,40
train_008366,1,1,engine,10,running_water,5
train_008370,1,1,knock,35,typing,35
train_008373,1,1,running_water,-20,running_water,-20
train_008377,1,1,speech,-35,speech,-35
train_008382,1,1,typing,-10,typing,-10
train_008383,1,1,dog_bark,55,dog_bark,55
train_008386,1,1,engine,15,engine,20
train_008387,1,1,dog_bark,-40,dog_bark,-35
train_008396,1,1,knock,30,typing,30
train_008403,1,1,dog_bark,-25,speech,-20
train_008411,1,1,speech,0,speech,0
train_008415,1,1,typing,45,typing,35
train_008423,1,1,dog_bark,-10,dog_bark,-5
train_008429,1,1,engine,-55,engine,-55
train_008430,1,1,footsteps,-80,typing,-80
train_008431,1,1,speech,-55,speech,-55
train_008432,1,1,engine,-5,engine,-5
train_008434,1,1,typing,0,typing,0
train_008437,1,1,speech,80,footsteps,80
train_008449,1,1,alarm,20,engine,20
train_008459,1,1,engine,-45,engine,-55
train_008462,1,1,dog_bark,20,dog_bark,20
train_008463,1,1,footsteps,-30,running_water,-30
train_008475,1,1,running_water,-10,engine,-10
train_008478,1,1,typing,55,typing,55
train_008490,1,1,footsteps,30,speech,35
train_008491,1,1,engine,20,engine,25
train_008493,1,1,footsteps,65,typing,65
train_008498,1,1,engine,35,engine,35
train_008499,1,1,knock,-45,knock,-40
train_008503,1,1,engine,-40,running_water,-35
train_008504,1,1,knock,-20,knock,-20
train_008506,1,1,footsteps,20,footsteps,20
train_008507,1,1,running_water,-80,running_water,-80
train_008510,1,1,dog_bark,-35,alarm,-40
train_008511,1,1,running_water,20,running_water,20
train_008512,1,1,running_water,-40,running_water,-40
train_008516,1,1,dog_bark,80,dog_bark,80
train_008520,1,1,dog_bark,10,dog_bark,0
train_008522,1,1,speech,-20,speech,-20
train_008524,1,1,running_water,-65,running_water,-65
train_008526,1,1,knock,45,knock,55
train_008531,1,1,dog_bark,65,dog_bark,65
train_008533,1,1,engine,15,engine,10
train_008535,1,1,dog_bark,-5,dog_bark,-15
train_008541,1,1,alarm,-45,alarm,-45
train_008545,1,1,speech,-5,speech,-5
train_008549,1,1,footsteps,30,speech,30
train_008550,1,1,engine,25,typing,25
train_008555,1,1,knock,35,knock,35
train_008558,1,1,speech,80,speech,80
train_008565,1,1,speech,65,speech,65
train_008570,1,1,typing,35,footsteps,30
train_008573,1,1,typing,-45,typing,-45
train_008574,1,1,footsteps,-45,footsteps,-45
train_008575,1,1,footsteps,-25,alarm,-25
train_008583,1,1,running_water,35,running_water,35
train_008585,1,1,speech,5,speech,65
train_008590,1,1,running_water,5,running_water,5
train_008598,1,1,speech,-80,speech,-80
train_008607,1,1,speech,-55,alarm,-55
train_008612,1,1,alarm,5,alarm,-5
train_008614,1,1,footsteps,25,footsteps,25
train_008624,1,1,dog_bark,35,dog_bark,35
train_008626,1,1,footsteps,35,engine,35
train_008629,1,1,running_water,-35,typing,-35
train_008633,1,1,knock,-30,knock,-20
train_008635,1,1,typing,25,typing,25
train_008645,1,1,footsteps,20,footsteps,20
train_008648,1,1,engine,5,running_water,5
train_008652,1,1,running_water,-25,footsteps,-30
train_008653,1,1,alarm,35,alarm,35
train_008663,1,1,alarm,-35,alarm,-30
train_008667,1,1,knock,30,knock,15
train_008668,1,1,speech,65,alarm,65
train_008670,1,1,footsteps,80,footsteps,80
train_008679,1,1,knock,-45,knock,-20
train_008680,1,1,knock,-65,knock,-55
train_008681,1,1,footsteps,-5,engine,-5
train_008692,1,1,knock,-65,footsteps,-65
train_008695,1,1,running_water,0,running_water,0
train_008696,1,1,dog_bark,-80,dog_bark,-80
train_008701,1,1,speech,-10,speech,-5
train_008706,1,1,engine,55,engine,45
train_008708,1,1,engine,-65,engine,-55
train_008710,1,1,dog_bark,10,dog_bark,15
train_008723,1,1,typing,10,knock,10
train_008727,1,1,engine,45,engine,45
train_008737,1,1,dog_bark,-5,dog_bark,-5
train_008738,1,1,dog_bark,55,dog_bark,55
train_008743,1,1,alarm,-35,alarm,-30
train_008753,1,1,typing,0,typing,5
train_008758,1,1,engine,-55,engine,-55
train_008764,1,1,dog_bark,-10,dog_bark,-15
train_008767,1,1,engine,35,running_water,35
train_008768,1,1,speech,-40,speech,-35
train_008779,1,1,dog_bark,35,speech,30
train_008780,1,1,knock,10,knock,5
train_008785,1,1,running_water,80,typing,65
train_008787,1,1,alarm,55,alarm,55
train_008794,1,1,knock,45,knock,45
train_008803,1,1,dog_bark,-55,speech,-55
train_008807,1,1,speech,25,speech,25
train_008809,1,1,dog_bark,-30,dog_bark,-25
train_008810,1,1,engine,-40,engine,-45
train_008811,1,1,typing,30,typing,30
train_008829,1,1,knock,5,footsteps,10
train_008837,1,1,footsteps,0,speech,0
train_008838,1,1,knock,30,footsteps,30
train_008858,1,1,dog_bark,-35,dog_bark,-30
train_008872,1,1,alarm,20,alarm,65
train_008883,1,1,dog_bark,0,dog_bark,0
train_008891,1,1,footsteps,20,footsteps,15
train_008896,1,1,engine,30,alarm,25
train_008899,1,1,footsteps,-35,footsteps,-40
train_008902,1,1,running_water,-45,speech,-45
train_008912,1,1,alarm,-45,alarm,-55
train_008918,1,1,dog_bark,35,dog_bark,30
train_008919,1,1,speech,80,speech,80
train_008921,1,1,running_water,30,running_water,35
train_008925,1,1,engine,-10,footsteps,-10
train_008931,1,1,alarm,55,alarm,55
train_008944,1,1,speech,5,speech,5
train_008950,1,1,engine,10,engine,10
train_008953,1,1,running_water,10,running_water,5
train_008958,1,1,alarm,5,alarm,-80
train_008959,1,1,footsteps,35,footsteps,35
train_008981,1,1,dog_bark,55,alarm,55
train_008985,1,1,running_water,-55,running_water,-55
train_008989,1,1,footsteps,-55,typing,-55
train_008990,1,1,knock,35,knock,35
train_008994,1,1,typing,-15,typing,-15
train_009004,1,1,alarm,5,alarm,55
train_009005,1,1,running_water,20,running_water,25
train_009014,1,1,alarm,15,alarm,20
train_009023,1,1,speech,-15,dog_bark,-30
train_009024,1,1,running_water,-15,engine,-10
train_009035,1,1,engine,0,engine,0
train_009038,1,1,speech,-15,running_water,-15
train_009062,1,1,alarm,-15,running_water,-20
train_009063,1,1,footsteps,-30,footsteps,-25
train_009074,1,1,dog_bark,-10,dog_bark,-20
train_009075,1,1,knock,-55,knock,-55
train_009082,1,1,footsteps,40,footsteps,45
train_009083,1,1,knock,10,knock,10
train_009087,1,1,alarm,30,alarm,35
train_009090,1,1,speech,45,speech,45
train_009091,1,1,speech,-45,speech,-45
train_009094,1,1,footsteps,10,footsteps,15
train_009096,1,1,alarm,5,speech,5
train_009103,1,1,engine,65,engine,80
train_009104,1,1,typing,-5,typing,-10
train_009112,1,1,speech,-45,speech,-45
train_009119,1,1,alarm,45,alarm,45
train_009121,1,1,footsteps,55,footsteps,55
train_009122,1,1,knock,-80,knock,-80
train_009128,1,1,engine,45,engine,45
train_009129,1,1,footsteps,25,engine,30
train_009137,1,1,dog_bark,-20,dog_bark,-15
train_009139,1,1,knock,25,alarm,25
train_009144,1,1,knock,65,knock,25
train_009145,1,1,typing,25,typing,15
train_009152,1,1,dog_bark,5,dog_bark,5
train_009159,1,1,running_water,25,running_water,25
train_009163,1,1,dog_bark,-65,dog_bark,-65
train_009170,1,1,alarm,-5,alarm,-10
train_009178,1,1,engine,-40,engine,-35
train_009187,1,1,speech,-80,speech,-65
train_009209,1,1,knock,-80,footsteps,-80
train_009211,1,1,dog_bark,-25,speech,-20
train_009215,1,1,footsteps,-35,alarm,-20
train_009225,1,1,engine,-20,engine,-15
train_009227,1,1,footsteps,25,footsteps,25
train_009232,1,1,footsteps,-5,typing,-5
train_009242,1,1,alarm,-45,alarm,-45
train_009246,1,1,footsteps,55,footsteps,55
train_009249,1,1,typing,-30,typing,-25
train_009250,1,1,alarm,40,footsteps,40
train_009261,1,1,footsteps,-5,footsteps,-5
train_009265,1,1,knock,55,alarm,80
train_009266,1,1,alarm,-45,speech,-40
train_009269,1,1,running_water,-80,running_water,-80
train_009272,1,1,footsteps,-10,alarm,-5
train_009273,1,1,engine,40,engine,40
train_009274,1,1,speech,-65,typing,-65
train_009279,1,1,knock,-35,knock,-35
train_009282,1,1,footsteps,45,footsteps,45
train_009286,1,1,alarm,-80,speech,-80
train_009288,1,1,running_water,30,typing,30
train_009300,1,1,dog_bark,-30,dog_bark,-20
train_009301,1,1,footsteps,25,footsteps,20
train_009302,1,1,typing,-5,typing,-5
train_009305,1,1,speech,-25,speech,-30
train_009320,1,1,speech,-65,speech,-65
train_009327,1,1,speech,-25,speech,-20
train_009336,1,1,typing,-5,typing,-5
train_009337,1,1,dog_bark,-65,dog_bark,-65
train_009340,1,1,running_water,40,alarm,55
train_009343,1,1,typing,-20,footsteps,-25
train_009347,1,1,alarm,25,speech,25
train_009348,1,1,running_water,55,running_water,55
train_009356,1,1,speech,55,dog_bark,55
train_009368,1,1,alarm,0,alarm,-15
train_009369,1,1,typing,20,typing,20
train_009374,1,1,footsteps,-25,footsteps,-30
train_009376,1,1,running_water,10,running_water,10
train_009382,1,1,footsteps,-55,footsteps,-55
train_009392,1,1,dog_bark,5,dog_bark,0
train_009397,1,1,typing,-15,typing,-10
train_009399,1,1,footsteps,-80,knock,-80
train_009402,1,1,alarm,20,speech,25
train_009404,1,1,running_water,35,running_water,40
train_009416,1,1,engine,-5,engine,-5
train_009422,1,1,footsteps,40,alarm,35
train_009423,1,1,running_water,45,running_water,40
train_009424,1,1,alarm,5,alarm,20
train_009425,1,1,knock,-10,knock,15
train_009439,1,1,dog_bark,-10,engine,-15
train_009440,1,1,running_water,-20,engine,-20
train_009441,1,1,typing,55,footsteps,55
train_009446,1,1,engine,55,engine,55
train_009454,1,1,alarm,35,alarm,35
train_009463,1,1,dog_bark,-80,dog_bark,-65
train_009471,1,1,typing,10,typing,5
train_009474,1,1,footsteps,65,running_water,55
train_009475,1,1,dog_bark,40,dog_bark,35
train_009476,1,1,knock,80,knock,80
train_009488,1,1,footsteps,-15,footsteps,-20
train_009505,1,1,alarm,-10,engine,-15
train_009506,1,1,engine,45,engine,45
train_009507,1,1,running_water,-15,running_water,-10
train_009509,1,1,alarm,-20,knock,-25
train_009515,1,1,typing,-5,typing,-5
train_009518,1,1,footsteps,-40,footsteps,-40
train_009522,1,1,running_water,25,alarm,25
train_009525,1,1,speech,20,speech,20
train_009526,1,1,speech,25,footsteps,25
train_009538,1,1,alarm,-40,alarm,-80
train_009540,1,1,speech,-15,speech,-10
train_009541,1,1,footsteps,40,footsteps,45
train_009543,1,1,typing,-5,typing,-5
train_009545,1,1,typing,40,typing,45
train_009548,1,1,knock,30,knock,25
train_009552,1,1,footsteps,-40,footsteps,-30
train_009553,1,1,speech,-45,speech,-40
train_009567,1,1,running_water,-15,running_water,-15
train_009569,1,1,speech,-10,speech,-5
train_009572,1,1,typing,30,typing,35
train_009577,1,1,running_water,-15,running_water,-15
train_009578,1,1,engine,15,engine,10
train_009580,1,1,running_water,25,running_water,25
train_009588,1,1,dog_bark,-65,dog_bark,-65
train_009593,1,1,dog_bark,45,dog_bark,40
train_009596,1,1,typing,35,typing,25
train_009599,1,1,running_water,-80,typing,-80
train_009606,1,1,typing,55,typing,55
train_009609,1,1,alarm,10,speech,15
train_009615,1,1,knock,-10,knock,-5
train_009620,1,1,knock,10,knock,10
train_009621,1,1,dog_bark,20,dog_bark,20
train_009622,1,1,running_water,-15,running_water,-10
train_009632,1,1,knock,20,dog_bark,15
train_009640,1,1,dog_bark,-15,dog_bark,-20
train_009643,1,1,footsteps,-5,footsteps,-5
train_009646,1,1,running_water,-10,running_water,-15
train_009651,1,1,dog_bark,-30,dog_bark,-30
train_009662,1,1,speech,-45,alarm,-45
train_009667,1,1,engine,25,engine,25
train_009672,1,1,engine,0,running_water,0
train_009678,1,1,typing,-80,typing,-80
train_009681,1,1,typing,80,typing,80
train_009693,1,1,running_water,0,running_water,5
train_009709,1,1,speech,65,speech,65
train_009711,1,1,engine,35,typing,35
train_009712,1,1,running_water,5,engine,10
train_009717,1,1,engine,10,engine,10
train_009721,1,1,dog_bark,35,dog_bark,35
train_009730,1,1,engine,15,engine,15
train_009733,1,1,knock,-80,alarm,-80
train_009734,1,1,alarm,0,alarm,0
train_009735,1,1,engine,25,engine,15
train_009739,1,1,running_water,-40,running_water,-45
train_009742,1,1,typing,-20,typing,-25
train_009743,1,1,engine,30,engine,30
train_009745,1,1,knock,-10,knock,-5
train_009754,1,1,running_water,30,running_water,35
train_009758,1,1,typing,45,typing,40
train_009764,1,1,alarm,-40,footsteps,-45
train_009767,1,1,knock,55,knock,55
train_009768,1,1,running_water,-10,engine,-10
train_009775,1,1,knock,-40,knock,-45
train_009778,1,1,speech,-5,speech,-10
train_009780,1,1,footsteps,-5,footsteps,-5
train_009802,1,1,speech,-10,engine,-15
train_009803,1,1,footsteps,0,running_water,0
train_009804,1,1,footsteps,55,knock,55
train_009806,1,1,speech,-25,speech,-25
train_009810,1,1,dog_bark,-40,dog_bark,-40
train_009814,1,1,alarm,-80,alarm,-80
train_009818,1,1,footsteps,-10,footsteps,-10
train_009821,1,1,alarm,10,alarm,10
train_009822,1,1,knock,-55,knock,-45
train_009823,1,1,footsteps,-20,engine,-25
train_009824,1,1,typing,20,running_water,20
train_009825,1,1,typing,25,typing,25
train_009830,1,1,alarm,65,alarm,55
train_009831,1,1,engine,25,alarm,25
train_009845,1,1,alarm,-55,alarm,-55
train_009865,1,1,alarm,-40,alarm,-35
train_009867,1,1,engine,35,typing,40
train_009869,1,1,dog_bark,35,dog_bark,40
train_009871,1,1,running_water,5,running_water,5
train_009874,1,1,speech,-40,speech,-35
train_009882,1,1,typing,-40,typing,-40
train_009891,1,1,footsteps,10,footsteps,10
train_009894,1,1,dog_bark,-35,dog_bark,-40
train_009902,1,1,footsteps,-65,footsteps,-65
train_009903,1,1,knock,55,knock,55
train_009904,1,1,alarm,20,engine,20
train_009916,1,1,footsteps,25,footsteps,20
train_009918,1,1,footsteps,-25,knock,-40
train_009920,1,1,dog_bark,-5,engine,-5
train_009928,1,1,alarm,-20,alarm,-20
train_009934,1,1,running_water,-20,running_water,-25
train_009935,1,1,alarm,10,engine,5
train_009936,1,1,speech,-15,alarm,-15
train_009938,1,1,footsteps,45,typing,45
train_009947,1,1,speech,-55,alarm,-55
train_009954,1,1,typing,15,typing,20
train_009956,1,1,engine,-80,engine,-80
train_009958,1,1,typing,5,running_water,0
train_009965,1,1,alarm,55,speech,55
train_009968,1,1,running_water,55,running_water,55
train_009970,1,1,running_water,-40,engine,-45
train_009981,1,1,running_water,-10,running_water,-10
train_009989,1,1,speech,10,speech,10
train_009993,1,1,running_water,20,typing,15
train_009997,1,1,speech,55,speech,55
train_010002,1,1,dog_bark,55,speech,55
train_010006,1,1,typing,15,typing,20
train_010009,1,1,speech,-30,speech,-35
train_010016,1,1,engine,-5,engine,-10
train_010018,1,1,engine,0,engine,5
train_010036,1,1,speech,-40,speech,-35
train_010053,1,1,engine,-5,engine,-10
train_010055,1,1,engine,30,engine,35
train_010064,1,1,footsteps,-55,engine,40
train_010069,1,1,footsteps,-35,knock,25
train_010070,1,1,footsteps,30,knock,35
train_010071,1,1,typing,10,typing,10
train_010079,1,1,typing,15,typing,20
train_010083,1,1,dog_bark,-30,speech,-30
train_010089,1,1,alarm,-30,alarm,-55
train_010106,1,1,alarm,-15,alarm,-20
train_010115,1,1,knock,65,knock,65
train_010122,1,1,typing,10,typing,5
train_010128,1,1,running_water,-45,running_water,-45
train_010132,1,1,speech,-35,alarm,-45
train_010134,1,1,dog_bark,15,dog_bark,15
train_010136,1,1,footsteps,15,footsteps,15
train_010137,1,1,alarm,45,engine,40
train_010139,1,1,running_water,-25,running_water,-25
train_010157,1,1,engine,-35,engine,-40
train_010162,1,1,typing,-5,typing,-5
train_010166,1,1,running_water,-40,typing,-40
train_010167,1,1,alarm,65,alarm,65
train_010170,1,1,speech,-10,speech,-10
train_010171,1,1,knock,65,knock,65
train_010172,1,1,running_water,15,alarm,15
train_010175,1,1,dog_bark,35,dog_bark,35
train_010179,1,1,speech,80,typing,80
train_010181,1,1,footsteps,35,footsteps,30
train_010199,1,1,dog_bark,-55,dog_bark,-45
train_010203,1,1,typing,45,typing,45
train_010205,1,1,dog_bark,10,speech,0
train_010206,1,1,footsteps,-35,alarm,-55
train_010208,1,1,speech,-55,dog_bark,-45
train_010209,1,1,alarm,-65,alarm,-65
train_010212,1,1,dog_bark,-80,dog_bark,-80
train_010228,1,1,speech,-80,footsteps,-80
train_010234,1,1,dog_bark,15,dog_bark,20
train_010238,1,1,footsteps,15,typing,10
train_010240,1,1,engine,10,engine,5
train_010244,1,1,footsteps,10,running_water,10
train_010245,1,1,speech,15,speech,15
train_010246,1,1,typing,0,typing,0
train_010247,1,1,typing,-15,typing,-20
train_010255,1,1,dog_bark,-35,dog_bark,-30
train_010257,1,1,alarm,-10,speech,-10
train_010265,1,1,alarm,-25,alarm,5
train_010267,1,1,typing,-30,typing,-25
train_010269,1,1,dog_bark,80,dog_bark,80
train_010270,1,1,engine,45,running_water,45
train_010272,1,1,alarm,-5,engine,-10
train_010275,1,1,speech,30,speech,30
train_010283,1,1,knock,-55,knock,-55
train_010285,1,1,dog_bark,15,dog_bark,20
train_010287,1,1,speech,35,speech,35
train_010299,1,1,running_water,-30,running_water,-35
train_010300,1,1,running_water,80,footsteps,80
train_010309,1,1,typing,-35,typing,-35
train_010310,1,1,alarm,65,alarm,65
train_010315,1,1,dog_bark,-15,speech,-20
train_010330,1,1,speech,-20,speech,-25
train_010333,1,1,alarm,-15,running_water,-15
train_010340,1,1,typing,5,typing,5
train_010341,1,1,footsteps,15,speech,20
train_010345,1,1,running_water,45,footsteps,40
train_010348,1,1,running_water,-65,running_water,-65
train_010352,1,1,typing,35,typing,35
train_010354,1,1,typing,-65,typing,-65
train_010366,1,1,footsteps,-20,knock,-20
train_010382,1,1,running_water,55,running_water,55
train_010386,1,1,typing,-45,typing,-45
train_010389,1,1,typing,-10,typing,-10
train_010395,1,1,dog_bark,-35,dog_bark,-35
train_010402,1,1,knock,-35,knock,-25
train_010419,1,1,footsteps,-30,alarm,-15
train_010423,1,1,footsteps,30,speech,30
train_010424,1,1,footsteps,35,knock,35
train_010427,1,1,footsteps,-30,knock,-35
train_010428,1,1,running_water,45,running_water,45
train_010431,1,1,footsteps,40,footsteps,35
train_010441,1,1,engine,-65,footsteps,-65
train_010450,1,1,alarm,55,running_water,45
train_010451,1,1,speech,55,speech,55
train_010457,1,1,running_water,5,running_water,5
train_010461,1,1,running_water,40,running_water,45
train_010462,1,1,dog_bark,5,typing,10
train_010465,1,1,alarm,-65,engine,-65
train_010466,1,1,alarm,0,engine,0
train_010471,1,1,knock,-10,knock,-10
train_010472,1,1,knock,-5,knock,-10
train_010482,1,1,knock,35,running_water,40
train_010485,1,1,footsteps,-15,footsteps,-20
train_010489,1,1,dog_bark,-80,dog_bark,-80
train_010491,1,1,typing,-55,typing,-55
train_010496,1,1,speech,10,speech,5
train_010504,1,1,speech,-20,speech,-15
train_010507,1,1,typing,-80,knock,-80
train_010525,1,1,running_water,35,running_water,35
train_010529,1,1,alarm,-10,alarm,-10
train_010534,1,1,speech,40,speech,40
train_010544,1,1,alarm,-25,alarm,-20
train_010551,1,1,running_water,-10,footsteps,-15
train_010552,1,1,running_water,-25,running_water,-20
train_010553,1,1,knock,20,typing,20
train_010564,1,1,alarm,-80,alarm,80
train_010568,1,1,alarm,-35,alarm,-40
train_010571,1,1,running_water,30,running_water,30
train_010574,1,1,speech,-25,alarm,-15
train_010577,1,1,speech,-35,speech,-40
train_010583,1,1,engine,-45,engine,-40
train_010586,1,1,typing,25,alarm,65
train_010589,1,1,engine,-25,engine,-25
train_010593,1,1,footsteps,-5,knock,-5
train_010619,1,1,speech,25,speech,30
train_010629,1,1,typing,65,typing,65
train_010634,1,1,footsteps,5,typing,15
train_010639,1,1,speech,-80,speech,-80
train_010648,1,1,dog_bark,-35,alarm,-30
train_010654,1,1,speech,-30,speech,-30
train_010668,1,1,footsteps,5,footsteps,5
train_010669,1,1,engine,25,engine,25
train_010670,1,1,knock,-15,knock,-20
train_010677,1,1,dog_bark,-5,dog_bark,-5
train_010682,1,1,running_water,5,running_water,5
train_010686,1,1,dog_bark,-80,engine,-80
train_010698,1,1,engine,10,engine,10
train_010699,1,1,alarm,5,running_water,5
train_010702,1,1,engine,10,engine,5
train_010724,1,1,footsteps,0,footsteps,-5
train_010727,1,1,typing,20,typing,20
train_010731,1,1,knock,20,knock,15
train_010735,1,1,engine,-55,running_water,-55
train_010740,1,1,dog_bark,-55,dog_bark,-65
train_010743,1,1,dog_bark,80,dog_bark,80
train_010751,1,1,dog_bark,-65,dog_bark,-65
train_010758,1,1,running_water,80,alarm,80
train_010760,1,1,running_water,-30,running_water,-35
train_010762,1,1,speech,20,dog_bark,25
train_010767,1,1,typing,-20,footsteps,-20
train_010768,1,1,alarm,-35,alarm,-35
train_010770,1,1,running_water,80,engine,80
train_010771,1,1,dog_bark,30,dog_bark,20
train_010775,1,1,dog_bark,5,dog_bark,10
train_010778,1,1,footsteps,-30,footsteps,-30
train_010781,1,1,speech,-55,speech,-55
train_010783,1,1,running_water,-80,running_water,-80
train_010784,1,1,speech,-25,speech,-25
train_010785,1,1,knock,30,footsteps,30
train_010789,1,1,alarm,-5,speech,-5
train_010791,1,1,footsteps,-40,footsteps,-35
train_010802,1,1,running_water,20,running_water,15
train_010805,1,1,running_water,-30,running_water,-30
train_010806,1,1,alarm,-30,alarm,-20
train_010812,1,1,footsteps,55,footsteps,55
train_010813,1,1,speech,-15,engine,80
train_010819,1,1,knock,10,knock,10
train_010820,1,1,footsteps,-15,knock,-15
train_010828,1,1,running_water,-80,engine,-80
train_010831,1,1,dog_bark,-20,dog_bark,-25
train_010832,1,1,alarm,-35,alarm,-35
train_010835,1,1,dog_bark,-25,dog_bark,-25
train_010836,1,1,engine,30,engine,30
train_010841,1,1,running_water,-45,running_water,-45
train_010845,1,1,dog_bark,5,dog_bark,0
train_010847,1,1,dog_bark,10,dog_bark,10
train_010863,1,1,knock,-30,knock,-30
train_010865,1,1,typing,80,typing,80
train_010866,1,1,footsteps,45,knock,40
train_010872,1,1,dog_bark,-10,dog_bark,-15
train_010875,1,1,typing,65,typing,65
train_010883,1,1,alarm,10,engine,5
train_010888,1,1,speech,65,alarm,65
train_010896,1,1,speech,10,dog_bark,10
train_010900,1,1,speech,-30,speech,-25
train_010903,1,1,knock,-20,knock,-20
train_010918,1,1,speech,30,speech,40
train_010920,1,1,footsteps,-30,footsteps,-35
train_010921,1,1,engine,10,engine,10
train_010926,1,1,speech,65,speech,65
train_010928,1,1,running_water,15,alarm,15
train_010937,1,1,knock,-30,knock,-30
train_010941,1,1,footsteps,-80,speech,-25
train_010944,1,1,dog_bark,20,dog_bark,15
train_010948,1,1,dog_bark,10,dog_bark,15
train_010952,1,1,dog_bark,15,dog_bark,10
train_010965,1,1,alarm,-20,running_water,-25
train_010970,1,1,alarm,-15,running_water,-15
train_010980,1,1,engine,5,engine,5
train_010983,1,1,knock,25,knock,25
train_010985,1,1,footsteps,-25,footsteps,-25
train_010990,1,1,typing,45,running_water,45
train_010991,1,1,typing,65,engine,55
train_010996,1,1,knock,-35,knock,-55
train_010998,1,1,knock,5,knock,10
train_011001,1,1,running_water,45,running_water,45
train_011002,1,1,typing,-10,typing,-10
train_011013,1,1,typing,40,running_water,40
train_011014,1,1,speech,30,speech,40
train_011017,1,1,speech,40,speech,40
train_011018,1,1,typing,40,knock,40
train_011020,1,1,footsteps,-10,speech,-5
train_011025,1,1,knock,-20,typing,-20
train_011035,1,1,dog_bark,20,dog_bark,20
train_011043,1,1,dog_bark,-30,dog_bark,-30
train_011053,1,1,engine,-35,running_water,-30
train_011061,1,1,knock,80,knock,80
train_011067,1,1,running_water,-15,running_water,-15
train_011070,1,1,dog_bark,-5,dog_bark,-5
train_011072,1,1,knock,20,dog_bark,15
train_011075,1,1,speech,-80,alarm,-80
train_011076,1,1,running_water,-10,running_water,-5
train_011077,1,1,engine,-15,engine,-20
train_011081,1,1,dog_bark,30,footsteps,30
train_011082,1,1,dog_bark,55,dog_bark,55
train_011085,1,1,running_water,-20,dog_bark,-20
train_011089,1,1,knock,-65,knock,-55
train_011090,1,1,engine,-35,engine,-40
train_011091,1,1,alarm,25,alarm,55
train_011093,1,1,dog_bark,65,dog_bark,65
train_011110,1,1,speech,-55,speech,-55
train_011111,1,1,running_water,-25,running_water,-25
train_011112,1,1,typing,5,typing,5
train_011120,1,1,footsteps,-35,engine,-35
train_011122,1,1,engine,-10,engine,-15
train_011130,1,1,running_water,-35,running_water,-40
train_011131,1,1,speech,25,alarm,25
train_011133,1,1,footsteps,30,footsteps,35
train_011137,1,1,dog_bark,40,dog_bark,45
train_011140,1,1,footsteps,-35,footsteps,-30
train_011141,1,1,footsteps,-25,footsteps,-25
train_011144,1,1,alarm,45,alarm,45
train_011153,1,1,engine,40,engine,35
train_011158,1,1,knock,-35,footsteps,-35
train_011160,1,1,engine,-20,running_water,-20
train_011164,1,1,dog_bark,-80,dog_bark,-80
train_011167,1,1,dog_bark,-40,dog_bark,-20
train_011168,1,1,footsteps,15,typing,10
train_011174,1,1,running_water,35,running_water,35
train_011175,1,1,footsteps,55,footsteps,45
train_011177,1,1,running_water,0,engine,0
train_011179,1,1,alarm,15,alarm,15
train_011180,1,1,alarm,35,alarm,35
train_011184,1,1,dog_bark,-55,dog_bark,-55
train_011194,1,1,alarm,-55,speech,-55
train_011202,1,1,engine,80,running_water,80
train_011215,1,1,running_water,30,typing,35
train_011225,1,1,alarm,-55,speech,-55
train_011227,1,1,engine,20,footsteps,20
train_011237,1,1,footsteps,-65,dog_bark,-65
train_011259,1,1,speech,15,alarm,15
train_011261,1,1,running_water,55,running_water,55
train_011263,1,1,speech,0,speech,0
train_011267,1,1,dog_bark,30,alarm,35
train_011273,1,1,dog_bark,-45,dog_bark,-55
train_011295,1,1,engine,40,engine,45
train_011297,1,1,running_water,-45,running_water,-45
train_011301,1,1,knock,80,knock,80
train_011319,1,1,speech,30,speech,30
train_011346,1,1,footsteps,30,engine,15
train_011354,1,1,knock,-20,knock,-25
train_011362,1,1,engine,-35,engine,-25
train_011373,1,1,dog_bark,80,dog_bark,80
train_011375,1,1,engine,-80,engine,-80
train_011381,1,1,alarm,-5,alarm,-10
train_011388,1,1,running_water,80,running_water,80
train_011389,1,1,footsteps,20,typing,20
train_011391,1,1,footsteps,5,footsteps,0
train_011404,1,1,knock,45,knock,55
train_011406,1,1,speech,-35,alarm,-35
train_011416,1,1,typing,45,typing,45
train_011419,1,1,typing,10,typing,5
train_011427,1,1,knock,15,knock,15
train_011430,1,1,running_water,20,running_water,25
train_011437,1,1,dog_bark,25,alarm,20
train_011442,1,1,alarm,25,alarm,20
train_011443,1,1,alarm,15,running_water,5
train_011446,1,1,footsteps,-65,running_water,-65
train_011452,1,1,running_water,-35,running_water,-45
train_011456,1,1,footsteps,65,speech,65
train_011458,1,1,footsteps,-40,footsteps,-45
train_011476,1,1,running_water,45,running_water,40
train_011494,1,1,typing,-55,typing,-55
train_011506,1,1,engine,45,alarm,45
train_011507,1,1,alarm,80,alarm,55
train_011508,1,1,knock,35,knock,40
train_011518,1,1,running_water,-35,typing,-30
train_011520,1,1,running_water,80,running_water,80
train_011522,1,1,typing,65,typing,55
train_011532,1,1,speech,15,speech,15
train_011534,1,1,running_water,-15,running_water,-10
train_011537,1,1,speech,55,engine,55
train_011538,1,1,footsteps,-45,footsteps,-45
train_011545,1,1,running_water,80,running_water,80
train_011551,1,1,footsteps,-10,footsteps,-10
train_011554,1,1,running_water,0,running_water,0
train_011558,1,1,engine,25,engine,20
train_011560,1,1,knock,-80,knock,-80
train_011563,1,1,typing,-30,typing,-25
train_011572,1,1,engine,65,engine,65
train_011575,1,1,engine,-15,engine,-15
train_011587,1,1,running_water,55,running_water,55
train_011588,1,1,alarm,-10,alarm,-5
train_011589,1,1,typing,10,typing,10
train_011594,1,1,engine,-30,engine,-35
train_011596,1,1,running_water,10,running_water,10
train_011604,1,1,running_water,-65,running_water,-55
train_011607,1,1,alarm,45,alarm,55
train_011610,1,1,footsteps,10,knock,10
train_011611,1,1,dog_bark,-45,dog_bark,-40
train_011612,1,1,alarm,5,speech,10
train_011618,1,1,engine,-80,engine,-80
train_011626,1,1,knock,5,knock,10
train_011631,1,1,dog_bark,-30,engine,-30
train_011634,1,1,typing,-25,typing,-30
train_011639,1,1,footsteps,-55,engine,-55
train_011646,1,1,typing,-25,typing,-25
train_011648,1,1,alarm,-10,alarm,-20
train_011649,1,1,alarm,0,alarm,-20
train_011660,1,1,running_water,20,typing,20
train_011664,1,1,engine,-40,engine,-40
train_011665,1,1,footsteps,80,knock,80
train_011667,1,1,running_water,-30,running_water,-30
train_011669,1,1,alarm,-25,engine,-30
train_011678,1,1,footsteps,-15,engine,-15
train_011682,1,1,footsteps,15,footsteps,10
train_011686,1,1,running_water,30,typing,30
train_011692,1,1,typing,-55,typing,-55
train_011697,1,1,engine,5,engine,5
train_011699,1,1,footsteps,-15,engine,-10
train_011709,1,1,typing,80,typing,80
train_011716,1,1,dog_bark,0,dog_bark,0
train_011737,1,1,typing,-35,typing,-35
train_011740,1,1,footsteps,-10,engine,-5
train_011747,1,1,typing,55,typing,55
train_011765,1,1,footsteps,30,alarm,30
train_011774,1,1,running_water,15,running_water,20
train_011781,1,1,speech,25,speech,20
train_011784,1,1,alarm,45,alarm,45
train_011802,1,1,alarm,-35,alarm,20
train_011804,1,1,engine,80,engine,80
train_011836,1,1,speech,10,dog_bark,15
train_011844,1,1,dog_bark,-80,dog_bark,-80
train_011848,1,1,speech,-25,alarm,-25
train_011855,1,1,alarm,-20,alarm,-15
train_011856,1,1,engine,40,engine,40
train_011857,1,1,knock,35,footsteps,40
train_011859,1,1,running_water,-20,running_water,-20
train_011860,1,1,running_water,-25,running_water,-30
train_011878,1,1,alarm,35,knock,40
train_011887,1,1,footsteps,30,footsteps,35
train_011896,1,1,speech,0,speech,0
train_011905,1,1,engine,-35,speech,-45
train_011914,1,1,knock,-25,footsteps,-20
train_011934,1,1,speech,30,alarm,35
train_011938,1,1,speech,-15,speech,-20
train_011940,1,1,alarm,-55,alarm,-55
train_011945,1,1,knock,15,knock,15
train_011947,1,1,knock,-5,knock,-5
train_011952,1,1,running_water,-5,footsteps,-15
train_011955,1,1,speech,-30,alarm,-25
train_011968,1,1,typing,45,running_water,45
train_011971,1,1,footsteps,45,knock,40
train_011979,1,1,speech,45,speech,45
train_011981,1,1,engine,-10,engine,-5
train_011987,1,1,footsteps,-15,footsteps,-20
train_011990,1,1,engine,-65,engine,-65
train_011994,1,1,dog_bark,25,dog_bark,25
train_011998,1,1,footsteps,-65,typing,-65
train_012000,1,1,speech,10,speech,15
