true_sound_class,true_azimuth,samples,class_acc,joint_at_5,joint_at_10,joint_at_20,mean_azimuth_abs_error
alarm,-80,1,0.0,0.0,0.0,0.0,95.0
alarm,-65,1,0.0,0.0,0.0,0.0,80.0
alarm,-55,1,0.0,0.0,0.0,0.0,70.0
alarm,-25,1,0.0,0.0,0.0,0.0,40.0
alarm,-20,1,0.0,0.0,0.0,0.0,35.0
alarm,-10,1,0.0,0.0,0.0,0.0,25.0
alarm,5,1,0.0,0.0,0.0,0.0,10.0
alarm,10,1,0.0,0.0,0.0,0.0,5.0
alarm,35,1,0.0,0.0,0.0,0.0,20.0
alarm,40,1,0.0,0.0,0.0,0.0,25.0
dog_bark,-65,1,1.0,0.0,0.0,0.0,80.0
dog_bark,-55,1,1.0,0.0,0.0,0.0,70.0
dog_bark,-45,1,1.0,0.0,0.0,0.0,60.0
dog_bark,-35,1,1.0,0.0,0.0,0.0,50.0
dog_bark,65,1,1.0,0.0,0.0,0.0,50.0
engine,-65,1,0.0,0.0,0.0,0.0,80.0
engine,-25,1,0.0,0.0,0.0,0.0,40.0
engine,-5,1,0.0,0.0,0.0,0.0,20.0
engine,0,1,0.0,0.0,0.0,0.0,15.0
engine,5,1,0.0,0.0,0.0,0.0,10.0
engine,25,1,0.0,0.0,0.0,0.0,10.0
engine,30,1,0.0,0.0,0.0,0.0,15.0
engine,35,1,0.0,0.0,0.0,0.0,20.0
engine,45,1,0.0,0.0,0.0,0.0,30.0
engine,55,1,0.0,0.0,0.0,0.0,40.0
engine,80,1,0.0,0.0,0.0,0.0,65.0
footsteps,-35,1,0.0,0.0,0.0,0.0,50.0
footsteps,-25,1,0.0,0.0,0.0,0.0,40.0
footsteps,0,1,0.0,0.0,0.0,0.0,15.0
footsteps,20,1,0.0,0.0,0.0,0.0,5.0
footsteps,35,1,0.0,0.0,0.0,0.0,20.0
footsteps,55,1,0.0,0.0,0.0,0.0,40.0
footsteps,65,1,0.0,0.0,0.0,0.0,50.0
footsteps,80,1,0.0,0.0,0.0,0.0,65.0
knock,-65,1,0.0,0.0,0.0,0.0,80.0
knock,-45,1,0.0,0.0,0.0,0.0,60.0
knock,-40,1,0.0,0.0,0.0,0.0,55.0
knock,-5,1,0.0,0.0,0.0,0.0,20.0
knock,0,1,0.0,0.0,0.0,0.0,15.0
knock,5,1,0.0,0.0,0.0,0.0,10.0
knock,10,1,0.0,0.0,0.0,0.0,5.0
knock,15,1,0.0,0.0,0.0,0.0,0.0
knock,20,1,0.0,0.0,0.0,0.0,5.0
knock,35,1,0.0,0.0,0.0,0.0,20.0
knock,45,1,0.0,0.0,0.0,0.0,30.0
knock,65,1,0.0,0.0,0.0,0.0,50.0
running_water,-80,1,0.0,0.0,0.0,0.0,95.0
running_water,-55,1,0.0,0.0,0.0,0.0,70.0
running_water,-40,1,0.0,0.0,0.0,0.0,55.0
running_water,-15,1,0.0,0.0,0.0,0.0,30.0
running_water,-5,1,0.0,0.0,0.0,0.0,20.0
running_water,15,1,0.0,0.0,0.0,0.0,0.0
running_water,35,1,0.0,0.0,0.0,0.0,20.0
running_water,40,1,0.0,0.0,0.0,0.0,25.0
running_water,45,1,0.0,0.0,0.0,0.0,30.0
running_water,65,1,0.0,0.0,0.0,0.0,50.0
speech,-80,1,0.0,0.0,0.0,0.0,95.0
speech,-65,1,0.0,0.0,0.0,0.0,80.0
speech,-45,1,0.0,0.0,0.0,0.0,60.0
speech,-30,1,0.0,0.0,0.0,0.0,45.0
speech,-25,1,0.0,0.0,0.0,0.0,40.0
speech,-5,1,0.0,0.0,0.0,0.0,20.0
speech,15,1,0.0,0.0,0.0,0.0,0.0
speech,25,1,0.0,0.0,0.0,0.0,10.0
speech,35,1,0.0,0.0,0.0,0.0,20.0
speech,40,1,0.0,0.0,0.0,0.0,25.0
speech,65,1,0.0,0.0,0.0,0.0,50.0
typing,-55,1,0.0,0.0,0.0,0.0,70.0
typing,-40,1,0.0,0.0,0.0,0.0,55.0
typing,-35,1,0.0,0.0,0.0,0.0,50.0
typing,0,1,0.0,0.0,0.0,0.0,15.0
typing,5,1,0.0,0.0,0.0,0.0,10.0
typing,30,1,0.0,0.0,0.0,0.0,15.0
alarm,-30,2,0.0,0.0,0.0,0.0,45.0
alarm,65,2,0.0,0.0,0.0,0.0,50.0
alarm,80,2,0.0,0.0,0.0,0.0,65.0
dog_bark,-40,2,1.0,0.0,0.0,0.0,55.0
dog_bark,-30,2,1.0,0.0,0.0,0.0,45.0
dog_bark,55,2,1.0,0.0,0.0,0.0,40.0
dog_bark,80,2,1.0,0.0,0.0,0.0,65.0
engine,-30,2,0.0,0.0,0.0,0.0,45.0
engine,-10,2,0.0,0.0,0.0,0.0,25.0
engine,10,2,0.0,0.0,0.0,0.0,5.0
engine,65,2,0.0,0.0,0.0,0.0,50.0
footsteps,-65,2,0.0,0.0,0.0,0.0,80.0
footsteps,-55,2,0.0,0.0,0.0,0.0,70.0
footsteps,-20,2,0.0,0.0,0.0,0.0,35.0
footsteps,5,2,0.0,0.0,0.0,0.0,10.0
footsteps,40,2,0.0,0.0,0.0,0.0,25.0
knock,-55,2,0.0,0.0,0.0,0.0,70.0
knock,-15,2,0.0,0.0,0.0,0.0,30.0
knock,-10,2,0.0,0.0,0.0,0.0,25.0
knock,80,2,0.0,0.0,0.0,0.0,65.0
running_water,-45,2,0.0,0.0,0.0,0.0,60.0
running_water,-30,2,0.0,0.0,0.0,0.0,45.0
running_water,-20,2,0.0,0.0,0.0,0.0,35.0
running_water,0,2,0.0,0.0,0.0,0.0,15.0
running_water,5,2,0.0,0.0,0.0,0.0,10.0
running_water,20,2,0.0,0.0,0.0,0.0,5.0
running_water,25,2,0.0,0.0,0.0,0.0,10.0
running_water,30,2,0.0,0.0,0.0,0.0,15.0
running_water,80,2,0.0,0.0,0.0,0.0,65.0
speech,-15,2,0.0,0.0,0.0,0.0,30.0
speech,-10,2,0.0,0.0,0.0,0.0,25.0
speech,20,2,0.0,0.0,0.0,0.0,5.0
speech,45,2,0.0,0.0,0.0,0.0,30.0
speech,55,2,0.0,0.0,0.0,0.0,40.0
typing,-10,2,0.0,0.0,0.0,0.0,25.0
typing,10,2,0.0,0.0,0.0,0.0,5.0
typing,20,2,0.0,0.0,0.0,0.0,5.0
typing,35,2,0.0,0.0,0.0,0.0,20.0
alarm,-15,3,0.0,0.0,0.0,0.0,30.0
alarm,15,3,0.0,0.0,0.0,0.0,0.0
dog_bark,-80,3,1.0,0.0,0.0,0.0,95.0
dog_bark,40,3,1.0,0.0,0.0,0.0,25.0
engine,-15,3,0.0,0.0,0.0,0.0,30.0
footsteps,-30,3,0.0,0.0,0.0,0.0,45.0
footsteps,-10,3,0.0,0.0,0.0,0.0,25.0
knock,-80,3,0.0,0.0,0.0,0.0,95.0
typing,-25,3,0.0,0.0,0.0,0.0,40.0
typing,-80,4,0.0,0.0,0.0,0.0,95.0
typing,40,4,0.0,0.0,0.0,0.0,25.0
alarm,-5,5,0.0,0.0,0.0,0.0,20.0
dog_bark,-5,1,1.0,0.0,0.0,1.0,20.0
dog_bark,10,1,1.0,1.0,1.0,1.0,5.0
dog_bark,15,1,1.0,1.0,1.0,1.0,0.0
dog_bark,25,1,1.0,0.0,1.0,1.0,10.0
dog_bark,20,2,1.0,1.0,1.0,1.0,5.0
dog_bark,35,2,1.0,0.0,0.0,1.0,20.0
dog_bark,5,3,1.0,0.0,1.0,1.0,10.0
